2024-09-23T03:02:37.642670Z 0 [Warning] TIMESTAMP with implicit DEFAULT value is deprecated. Please use --explicit_defaults_for_timestamp server option (see documentation for more details).
2024-09-23T03:02:37.644075Z 0 [Note] --secure-file-priv is set to NULL. Operations related to importing and exporting data are disabled
2024-09-23T03:02:37.646853Z 0 [ERROR] Cannot open Windows EventLog; check privileges, or start server with --log_syslog=0
2024-09-23T03:02:37.646987Z 0 [Note] D:\usbwebserver/mysql/bin/mysqld_usbwv8.exe (mysqld 5.7.36) starting as process 9880 ...
2024-09-23T03:02:37.650094Z 0 [ERROR] Error message file 'D:\usbwebserver\mysql\share\english\errmsg.sys' had only 886 error messages,
                    but it should contain at least 1123 error messages.
                    Check that the above file is the right version for                     this program!
2024-09-23T03:02:39.057875Z 0 [Note] InnoDB: Mutexes and rw_locks use Windows interlocked functions
2024-09-23T03:02:39.061210Z 0 [Note] InnoDB: Uses event mutexes
2024-09-23T03:02:39.062226Z 0 [Note] InnoDB: Memory barrier is not used
2024-09-23T03:02:39.063219Z 0 [Note] InnoDB: Compressed tables use zlib 1.2.11
2024-09-23T03:02:39.065352Z 0 [Note] InnoDB: Number of pools: 1
2024-09-23T03:02:39.066751Z 0 [Note] InnoDB: Not using CPU crc32 instructions
2024-09-23T03:02:39.076163Z 0 [Note] InnoDB: Initializing buffer pool, total size = 128M, instances = 1, chunk size = 128M
2024-09-23T03:02:39.102953Z 0 [Note] InnoDB: Completed initialization of buffer pool
2024-09-23T03:02:41.650436Z 0 [Note] InnoDB: The first innodb_system data file 'ibdata1' did not exist. A new tablespace will be created!
2024-09-23T03:02:41.654363Z 0 [Note] InnoDB: Setting file 'D:\usbwebserver\mysql\data\ibdata1' size to 10 MB. Physically writing the file full; Please wait ...
2024-09-23T03:02:42.847846Z 0 [Note] InnoDB: File 'D:\usbwebserver\mysql\data\ibdata1' size is now 10 MB.
2024-09-23T03:02:50.609229Z 0 [Note] InnoDB: Setting log file D:\usbwebserver\mysql\data\ib_logfile101 size to 5 MB
2024-09-23T03:02:57.144752Z 0 [Note] InnoDB: Setting log file D:\usbwebserver\mysql\data\ib_logfile1 size to 5 MB
2024-09-23T03:03:07.435926Z 0 [Note] InnoDB: Renaming log file D:\usbwebserver\mysql\data\ib_logfile101 to D:\usbwebserver\mysql\data\ib_logfile0
2024-09-23T03:03:07.446008Z 0 [Warning] InnoDB: New log files created, LSN=45790
2024-09-23T03:03:07.447466Z 0 [Note] InnoDB: Creating shared tablespace for temporary tables
2024-09-23T03:03:07.451709Z 0 [Note] InnoDB: Setting file 'D:\usbwebserver\mysql\data\ibtmp1' size to 12 MB. Physically writing the file full; Please wait ...
2024-09-23T03:03:12.754254Z 0 [Note] InnoDB: File 'D:\usbwebserver\mysql\data\ibtmp1' size is now 12 MB.
2024-09-23T03:03:12.830166Z 0 [Note] InnoDB: Doublewrite buffer not found: creating new
2024-09-23T03:03:17.927411Z 0 [Note] InnoDB: Doublewrite buffer created
2024-09-23T03:03:29.672532Z 0 [Note] InnoDB: 96 redo rollback segment(s) found. 96 redo rollback segment(s) are active.
2024-09-23T03:03:29.675385Z 0 [Note] InnoDB: 32 non-redo rollback segment(s) are active.
2024-09-23T03:03:29.679657Z 0 [Warning] InnoDB: Creating foreign key constraint system tables.
2024-09-23T03:03:30.893344Z 0 [Note] InnoDB: Foreign key constraint system tables created
2024-09-23T03:03:30.895375Z 0 [Note] InnoDB: Creating tablespace and datafile system tables.
2024-09-23T03:03:30.903084Z 0 [Note] InnoDB: Tablespace and datafile system tables created.
2024-09-23T03:03:30.905113Z 0 [Note] InnoDB: Creating sys_virtual system tables.
2024-09-23T03:03:30.912576Z 0 [Note] InnoDB: sys_virtual table created
2024-09-23T03:03:30.914868Z 0 [Note] InnoDB: Waiting for purge to start
2024-09-23T03:03:30.979042Z 0 [Note] InnoDB: page_cleaner: 1000ms intended loop took 51871ms. The settings might not be optimal. (flushed=0 and evicted=0, during the time.)
2024-09-23T03:03:30.979060Z 0 [Note] InnoDB: 5.7.36 started; log sequence number 0
2024-09-23T03:03:30.989404Z 0 [Note] Plugin 'FEDERATED' is disabled.
2024-09-23T03:03:32.311459Z 0 [Warning] System table 'plugin' is expected to be transactional.
2024-09-23T03:03:36.247994Z 0 [Warning] Gtid table is not ready to be used. Table 'mysql.gtid_executed' cannot be opened.
2024-09-23T03:03:36.259811Z 0 [Note] InnoDB: page_cleaner: 1000ms intended loop took 4280ms. The settings might not be optimal. (flushed=151 and evicted=0, during the time.)
2024-09-23T03:03:36.348111Z 0 [Note] Found ca.pem, server-cert.pem and server-key.pem in data directory. Trying to enable SSL support using them.
2024-09-23T03:03:36.350900Z 0 [Note] Skipping generation of SSL certificates as certificate files are present in data directory.
2024-09-23T03:03:36.353387Z 0 [Warning] 
2024-09-23T03:03:36.354250Z 0 [Warning] 
2024-09-23T03:03:36.443348Z 0 [Warning] CA certificate ca.pem is self signed.
2024-09-23T03:03:36.445278Z 0 [Note] Skipping generation of RSA key pair as key files are present in data directory.
2024-09-23T03:03:36.449976Z 0 [Note] Server hostname (bind-address): '*'; port: 3306
2024-09-23T03:03:36.451237Z 0 [Note] IPv6 is available.
2024-09-23T03:03:36.453070Z 0 [Note]   - '::' resolves to '::';
2024-09-23T03:03:36.453792Z 0 [Note] Server socket created on IP: '::'.
2024-09-23T03:03:40.353647Z 0 [Warning] Failed to open optimizer cost constant tables

2024-09-23T03:03:49.415132Z 0 [Warning] System table 'time_zone_leap_second' is expected to be transactional.
2024-09-23T03:03:49.416864Z 0 [Warning] System table 'time_zone_name' is expected to be transactional.
2024-09-23T03:03:49.418718Z 0 [Warning] System table 'time_zone' is expected to be transactional.
2024-09-23T03:03:49.420446Z 0 [Warning] System table 'time_zone_transition_type' is expected to be transactional.
2024-09-23T03:03:49.422439Z 0 [Warning] System table 'time_zone_transition' is expected to be transactional.
2024-09-23T03:03:50.749528Z 0 [Warning] System table 'servers' is expected to be transactional.
2024-09-23T03:03:50.761799Z 0 [Warning] InnoDB: Cannot open table mysql/slave_master_info from the internal data dictionary of InnoDB though the .frm file for the table exists. Please refer to http://dev.mysql.com/doc/refman/5.7/en/innodb-troubleshooting.html for how to resolve the issue.
2024-09-23T03:03:50.769151Z 0 [Warning] InnoDB: Cannot open table mysql/slave_relay_log_info from the internal data dictionary of InnoDB though the .frm file for the table exists. Please refer to http://dev.mysql.com/doc/refman/5.7/en/innodb-troubleshooting.html for how to resolve the issue.
2024-09-23T03:03:50.773728Z 0 [Warning] InnoDB: Cannot open table mysql/slave_master_info from the internal data dictionary of InnoDB though the .frm file for the table exists. Please refer to http://dev.mysql.com/doc/refman/5.7/en/innodb-troubleshooting.html for how to resolve the issue.
2024-09-23T03:03:50.777807Z 0 [Warning] Info table is not ready to be used. Table 'mysql.slave_master_info' cannot be opened.
2024-09-23T03:03:50.783946Z 0 [Warning] InnoDB: Cannot open table mysql/slave_worker_info from the internal data dictionary of InnoDB though the .frm file for the table exists. Please refer to http://dev.mysql.com/doc/refman/5.7/en/innodb-troubleshooting.html for how to resolve the issue.
2024-09-23T03:03:50.788482Z 0 [Warning] InnoDB: Cannot open table mysql/slave_relay_log_info from the internal data dictionary of InnoDB though the .frm file for the table exists. Please refer to http://dev.mysql.com/doc/refman/5.7/en/innodb-troubleshooting.html for how to resolve the issue.
2024-09-23T03:03:50.792011Z 0 [Warning] Info table is not ready to be used. Table 'mysql.slave_relay_log_info' cannot be opened.
2024-09-23T03:03:50.793711Z 0 [Note] Failed to start slave threads for channel ''
2024-09-23T03:03:52.089491Z 0 [ERROR] Incorrect definition of table performance_schema.events_waits_current: expected column 'NESTING_EVENT_TYPE' at position 15 to have type enum('TRANSACTION','STATEMENT','STAGE','WAIT', found type enum('STATEMENT','STAGE','WAIT').
2024-09-23T03:03:52.103324Z 0 [ERROR] Incorrect definition of table performance_schema.events_waits_history: expected column 'NESTING_EVENT_TYPE' at position 15 to have type enum('TRANSACTION','STATEMENT','STAGE','WAIT', found type enum('STATEMENT','STAGE','WAIT').
2024-09-23T03:03:52.116637Z 0 [ERROR] Incorrect definition of table performance_schema.events_waits_history_long: expected column 'NESTING_EVENT_TYPE' at position 15 to have type enum('TRANSACTION','STATEMENT','STAGE','WAIT', found type enum('STATEMENT','STAGE','WAIT').
2024-09-23T03:03:52.148217Z 0 [ERROR] Incorrect definition of table performance_schema.events_waits_summary_by_user_by_event_name: expected column 'USER' at position 0 to have type char(32), found type char(16).
2024-09-23T03:03:52.159059Z 0 [ERROR] Incorrect definition of table performance_schema.events_waits_summary_by_account_by_event_name: expected column 'USER' at position 0 to have type char(32), found type char(16).
2024-09-23T03:03:52.220213Z 0 [ERROR] 
2024-09-23T03:03:52.236301Z 0 [ERROR] Incorrect definition of table performance_schema.setup_objects: expected column 'OBJECT_TYPE' at position 0 to have type enum('EVENT','FUNCTION','PROCEDURE','TABLE','TRIGGER', found type enum('TABLE').
2024-09-23T03:03:52.281394Z 0 [ERROR] 
2024-09-23T03:03:52.286682Z 0 [ERROR] 
2024-09-23T03:03:52.292063Z 0 [ERROR] 
2024-09-23T03:03:52.296973Z 0 [ERROR] 
2024-09-23T03:03:52.302394Z 0 [ERROR] 
2024-09-23T03:03:52.311207Z 0 [ERROR] Incorrect definition of table performance_schema.events_stages_summary_by_account_by_event_name: expected column 'USER' at position 0 to have type char(32), found type char(16).
2024-09-23T03:03:52.318190Z 0 [ERROR] Incorrect definition of table performance_schema.events_stages_summary_by_user_by_event_name: expected column 'USER' at position 0 to have type char(32), found type char(16).
2024-09-23T03:03:54.920342Z 0 [ERROR] 
2024-09-23T03:03:56.216163Z 0 [ERROR] 
2024-09-23T03:03:56.225792Z 0 [ERROR] 
2024-09-23T03:03:56.241098Z 0 [ERROR] Incorrect definition of table performance_schema.events_statements_summary_by_account_by_event_name: expected column 'USER' at position 0 to have type char(32), found type char(16).
2024-09-23T03:03:56.254577Z 0 [ERROR] Incorrect definition of table performance_schema.events_statements_summary_by_user_by_event_name: expected column 'USER' at position 0 to have type char(32), found type char(16).
2024-09-23T03:03:56.283011Z 0 [ERROR] 
2024-09-23T03:03:56.286382Z 0 [ERROR] 
2024-09-23T03:03:56.289482Z 0 [ERROR] 
2024-09-23T03:03:56.292362Z 0 [ERROR] 
2024-09-23T03:03:56.295189Z 0 [ERROR] 
2024-09-23T03:03:56.297756Z 0 [ERROR] 
2024-09-23T03:03:56.300282Z 0 [ERROR] 
2024-09-23T03:03:56.302638Z 0 [ERROR] 
2024-09-23T03:03:56.305456Z 0 [ERROR] 
2024-09-23T03:03:56.311502Z 0 [ERROR] Incorrect definition of table performance_schema.users: expected column 'USER' at position 0 to have type char(32), found type char(16).
2024-09-23T03:03:56.322382Z 0 [ERROR] Incorrect definition of table performance_schema.accounts: expected column 'USER' at position 0 to have type char(32), found type char(16).
2024-09-23T03:03:56.360340Z 0 [ERROR] 
2024-09-23T03:03:56.362997Z 0 [ERROR] 
2024-09-23T03:03:56.365717Z 0 [ERROR] 
2024-09-23T03:03:56.368781Z 0 [ERROR] 
2024-09-23T03:03:56.372314Z 0 [ERROR] 
2024-09-23T03:03:56.375207Z 0 [ERROR] 
2024-09-23T03:03:56.377639Z 0 [ERROR] 
2024-09-23T03:03:56.380213Z 0 [ERROR] 
2024-09-23T03:03:56.383160Z 0 [ERROR] 
2024-09-23T03:03:56.385191Z 0 [ERROR] 
2024-09-23T03:03:56.387197Z 0 [ERROR] 
2024-09-23T03:03:56.389148Z 0 [ERROR] 
2024-09-23T03:03:56.391098Z 0 [ERROR] 
2024-09-23T03:03:56.393133Z 0 [ERROR] 
2024-09-23T03:03:56.395140Z 0 [ERROR] 
2024-09-23T03:03:56.397091Z 0 [ERROR] 
2024-09-23T03:03:56.399139Z 0 [ERROR] 
2024-09-23T03:03:56.401119Z 0 [ERROR] 
2024-09-23T03:03:56.403046Z 0 [ERROR] 
2024-09-23T03:03:56.404956Z 0 [ERROR] 
2024-09-23T03:03:56.406920Z 0 [ERROR] 
2024-09-23T03:03:56.408954Z 0 [ERROR] 
2024-09-23T03:03:56.410870Z 0 [ERROR] 
2024-09-23T03:03:56.412796Z 0 [ERROR] 
2024-09-23T03:03:56.414797Z 0 [ERROR] 
2024-09-23T03:03:56.416800Z 0 [ERROR] 
2024-09-23T03:03:56.418609Z 0 [ERROR] Incorrect definition of table mysql.db: expected column 'User' at position 2 to have type char(32), found type char(16).
2024-09-23T03:03:56.422161Z 0 [ERROR] mysql.user has no `Event_priv` column at position 28
2024-09-23T03:03:57.653025Z 0 [ERROR] Event Scheduler: An error occurred when initializing system tables. Disabling the Event Scheduler.
2024-09-23T03:03:57.658209Z 0 [Note] 
2024-09-23T03:05:45.126840Z 0 [Note] InnoDB: page_cleaner: 1000ms intended loop took 9083ms. The settings might not be optimal. (flushed=2 and evicted=0, during the time.)
2024-10-02T04:23:28.862954Z 0 [Warning] TIMESTAMP with implicit DEFAULT value is deprecated. Please use --explicit_defaults_for_timestamp server option (see documentation for more details).
2024-10-02T04:23:28.863534Z 0 [Note] --secure-file-priv is set to NULL. Operations related to importing and exporting data are disabled
2024-10-02T04:23:28.865153Z 0 [ERROR] Cannot open Windows EventLog; check privileges, or start server with --log_syslog=0
2024-10-02T04:23:28.865219Z 0 [Note] C:\Users\iliat\Downloads\usbwebserver/mysql/bin/mysqld_usbwv8.exe (mysqld 5.7.36) starting as process 3828 ...
2024-10-02T04:23:28.882082Z 0 [ERROR] Error message file 'C:\Users\iliat\Downloads\usbwebserver\mysql\share\english\errmsg.sys' had only 886 error messages,
                    but it should contain at least 1123 error messages.
                    Check that the above file is the right version for                     this program!
2024-10-02T04:23:28.958644Z 0 [Note] InnoDB: Mutexes and rw_locks use Windows interlocked functions
2024-10-02T04:23:28.960040Z 0 [Note] InnoDB: Uses event mutexes
2024-10-02T04:23:28.960948Z 0 [Note] InnoDB: Memory barrier is not used
2024-10-02T04:23:28.961740Z 0 [Note] InnoDB: Compressed tables use zlib 1.2.11
2024-10-02T04:23:28.963592Z 0 [Note] InnoDB: Number of pools: 1
2024-10-02T04:23:28.964812Z 0 [Note] InnoDB: Not using CPU crc32 instructions
2024-10-02T04:23:28.972312Z 0 [Note] InnoDB: Initializing buffer pool, total size = 128M, instances = 1, chunk size = 128M
2024-10-02T04:23:28.991438Z 0 [Note] InnoDB: Completed initialization of buffer pool
2024-10-02T04:23:29.073083Z 0 [Note] InnoDB: Highest supported file format is Barracuda.
2024-10-02T04:23:29.077577Z 0 [Note] InnoDB: Log scan progressed past the checkpoint lsn 1326555
2024-10-02T04:23:29.078747Z 0 [Note] InnoDB: Doing recovery: scanned up to log sequence number 1326564
2024-10-02T04:23:29.080179Z 0 [Note] InnoDB: Database was not shutdown normally!
2024-10-02T04:23:29.081267Z 0 [Note] InnoDB: Starting crash recovery.
2024-10-02T04:23:29.365629Z 0 [Note] InnoDB: Removed temporary tablespace data file: "ibtmp1"
2024-10-02T04:23:29.366997Z 0 [Note] InnoDB: Creating shared tablespace for temporary tables
2024-10-02T04:23:29.369261Z 0 [Note] InnoDB: Setting file 'C:\Users\iliat\Downloads\usbwebserver\mysql\data\ibtmp1' size to 12 MB. Physically writing the file full; Please wait ...
2024-10-02T04:23:29.418788Z 0 [Note] InnoDB: File 'C:\Users\iliat\Downloads\usbwebserver\mysql\data\ibtmp1' size is now 12 MB.
2024-10-02T04:23:29.439744Z 0 [Note] InnoDB: 96 redo rollback segment(s) found. 96 redo rollback segment(s) are active.
2024-10-02T04:23:29.441473Z 0 [Note] InnoDB: 32 non-redo rollback segment(s) are active.
2024-10-02T04:23:29.443370Z 0 [Note] InnoDB: Waiting for purge to start
2024-10-02T04:23:29.496810Z 0 [Note] InnoDB: 5.7.36 started; log sequence number 1326564
2024-10-02T04:23:29.498916Z 0 [Note] InnoDB: Loading buffer pool(s) from C:\Users\iliat\Downloads\usbwebserver\mysql\data\ib_buffer_pool
2024-10-02T04:23:29.499508Z 0 [Note] Plugin 'FEDERATED' is disabled.
2024-10-02T04:23:29.501089Z 0 [ERROR] InnoDB: Cannot open 'C:\Users\iliat\Downloads\usbwebserver\mysql\data\ib_buffer_pool' for reading: No such file or directory
2024-10-02T04:23:29.539018Z 0 [Warning] System table 'plugin' is expected to be transactional.
2024-10-02T04:23:29.555112Z 0 [Warning] Gtid table is not ready to be used. Table 'mysql.gtid_executed' cannot be opened.
2024-10-02T04:23:29.565299Z 0 [Note] Found ca.pem, server-cert.pem and server-key.pem in data directory. Trying to enable SSL support using them.
2024-10-02T04:23:29.567576Z 0 [Note] Skipping generation of SSL certificates as certificate files are present in data directory.
2024-10-02T04:23:29.569495Z 0 [Warning] 
2024-10-02T04:23:29.570159Z 0 [Warning] 
2024-10-02T04:23:29.622865Z 0 [Warning] CA certificate ca.pem is self signed.
2024-10-02T04:23:29.624764Z 0 [Note] Skipping generation of RSA key pair as key files are present in data directory.
2024-10-02T04:23:29.654804Z 0 [Note] Server hostname (bind-address): '*'; port: 3306
2024-10-02T04:23:29.656791Z 0 [Note] IPv6 is available.
2024-10-02T04:23:29.657703Z 0 [Note]   - '::' resolves to '::';
2024-10-02T04:23:29.658900Z 0 [Note] Server socket created on IP: '::'.
2024-10-02T04:23:29.661224Z 0 [Warning] Failed to open optimizer cost constant tables

2024-10-02T04:23:30.476918Z 0 [Warning] System table 'time_zone_leap_second' is expected to be transactional.
2024-10-02T04:23:30.478390Z 0 [Warning] System table 'time_zone_name' is expected to be transactional.
2024-10-02T04:23:30.479796Z 0 [Warning] System table 'time_zone' is expected to be transactional.
2024-10-02T04:23:30.481113Z 0 [Warning] System table 'time_zone_transition_type' is expected to be transactional.
2024-10-02T04:23:30.482650Z 0 [Warning] System table 'time_zone_transition' is expected to be transactional.
2024-10-02T04:23:30.641237Z 0 [Warning] System table 'servers' is expected to be transactional.
2024-10-02T04:23:30.707164Z 0 [Warning] InnoDB: Cannot open table mysql/slave_master_info from the internal data dictionary of InnoDB though the .frm file for the table exists. Please refer to http://dev.mysql.com/doc/refman/5.7/en/innodb-troubleshooting.html for how to resolve the issue.
2024-10-02T04:23:30.731689Z 0 [Warning] InnoDB: Cannot open table mysql/slave_relay_log_info from the internal data dictionary of InnoDB though the .frm file for the table exists. Please refer to http://dev.mysql.com/doc/refman/5.7/en/innodb-troubleshooting.html for how to resolve the issue.
2024-10-02T04:23:30.737454Z 0 [Warning] InnoDB: Cannot open table mysql/slave_master_info from the internal data dictionary of InnoDB though the .frm file for the table exists. Please refer to http://dev.mysql.com/doc/refman/5.7/en/innodb-troubleshooting.html for how to resolve the issue.
2024-10-02T04:23:30.741455Z 0 [Warning] Info table is not ready to be used. Table 'mysql.slave_master_info' cannot be opened.
2024-10-02T04:23:30.773095Z 0 [Warning] InnoDB: Cannot open table mysql/slave_worker_info from the internal data dictionary of InnoDB though the .frm file for the table exists. Please refer to http://dev.mysql.com/doc/refman/5.7/en/innodb-troubleshooting.html for how to resolve the issue.
2024-10-02T04:23:30.777903Z 0 [Warning] InnoDB: Cannot open table mysql/slave_relay_log_info from the internal data dictionary of InnoDB though the .frm file for the table exists. Please refer to http://dev.mysql.com/doc/refman/5.7/en/innodb-troubleshooting.html for how to resolve the issue.
2024-10-02T04:23:30.781884Z 0 [Warning] Info table is not ready to be used. Table 'mysql.slave_relay_log_info' cannot be opened.
2024-10-02T04:23:30.784081Z 0 [Note] Failed to start slave threads for channel ''
2024-10-02T04:23:30.838226Z 0 [ERROR] Incorrect definition of table performance_schema.events_waits_current: expected column 'NESTING_EVENT_TYPE' at position 15 to have type enum('TRANSACTION','STATEMENT','STAGE','WAIT', found type enum('STATEMENT','STAGE','WAIT').
2024-10-02T04:23:30.866259Z 0 [ERROR] Incorrect definition of table performance_schema.events_waits_history: expected column 'NESTING_EVENT_TYPE' at position 15 to have type enum('TRANSACTION','STATEMENT','STAGE','WAIT', found type enum('STATEMENT','STAGE','WAIT').
2024-10-02T04:23:30.893749Z 0 [ERROR] Incorrect definition of table performance_schema.events_waits_history_long: expected column 'NESTING_EVENT_TYPE' at position 15 to have type enum('TRANSACTION','STATEMENT','STAGE','WAIT', found type enum('STATEMENT','STAGE','WAIT').
2024-10-02T04:23:30.990207Z 0 [ERROR] Incorrect definition of table performance_schema.events_waits_summary_by_user_by_event_name: expected column 'USER' at position 0 to have type char(32), found type char(16).
2024-10-02T04:23:31.018581Z 0 [ERROR] Incorrect definition of table performance_schema.events_waits_summary_by_account_by_event_name: expected column 'USER' at position 0 to have type char(32), found type char(16).
2024-10-02T04:23:31.233963Z 0 [ERROR] 
2024-10-02T04:23:31.286004Z 0 [ERROR] Incorrect definition of table performance_schema.setup_objects: expected column 'OBJECT_TYPE' at position 0 to have type enum('EVENT','FUNCTION','PROCEDURE','TABLE','TRIGGER', found type enum('TABLE').
2024-10-02T04:23:31.365642Z 0 [ERROR] 
2024-10-02T04:23:31.381059Z 0 [ERROR] 
2024-10-02T04:23:31.403956Z 0 [ERROR] 
2024-10-02T04:23:31.425094Z 0 [ERROR] 
2024-10-02T04:23:31.444193Z 0 [ERROR] 
2024-10-02T04:23:31.488561Z 0 [ERROR] Incorrect definition of table performance_schema.events_stages_summary_by_account_by_event_name: expected column 'USER' at position 0 to have type char(32), found type char(16).
2024-10-02T04:23:31.510717Z 0 [ERROR] Incorrect definition of table performance_schema.events_stages_summary_by_user_by_event_name: expected column 'USER' at position 0 to have type char(32), found type char(16).
2024-10-02T04:23:31.575277Z 0 [ERROR] 
2024-10-02T04:23:31.597053Z 0 [ERROR] 
2024-10-02T04:23:31.622568Z 0 [ERROR] 
2024-10-02T04:23:31.668750Z 0 [ERROR] Incorrect definition of table performance_schema.events_statements_summary_by_account_by_event_name: expected column 'USER' at position 0 to have type char(32), found type char(16).
2024-10-02T04:23:31.686023Z 0 [ERROR] Incorrect definition of table performance_schema.events_statements_summary_by_user_by_event_name: expected column 'USER' at position 0 to have type char(32), found type char(16).
2024-10-02T04:23:31.757974Z 0 [ERROR] 
2024-10-02T04:23:31.758865Z 0 [ERROR] 
2024-10-02T04:23:31.759714Z 0 [ERROR] 
2024-10-02T04:23:31.760457Z 0 [ERROR] 
2024-10-02T04:23:31.761205Z 0 [ERROR] 
2024-10-02T04:23:31.762107Z 0 [ERROR] 
2024-10-02T04:23:31.763067Z 0 [ERROR] 
2024-10-02T04:23:31.764047Z 0 [ERROR] 
2024-10-02T04:23:31.765569Z 0 [ERROR] 
2024-10-02T04:23:31.780109Z 0 [ERROR] Incorrect definition of table performance_schema.users: expected column 'USER' at position 0 to have type char(32), found type char(16).
2024-10-02T04:23:31.801173Z 0 [ERROR] Incorrect definition of table performance_schema.accounts: expected column 'USER' at position 0 to have type char(32), found type char(16).
2024-10-02T04:23:31.941064Z 0 [ERROR] 
2024-10-02T04:23:31.941629Z 0 [ERROR] 
2024-10-02T04:23:31.942152Z 0 [ERROR] 
2024-10-02T04:23:31.942658Z 0 [ERROR] 
2024-10-02T04:23:31.943254Z 0 [ERROR] 
2024-10-02T04:23:31.943793Z 0 [ERROR] 
2024-10-02T04:23:31.944295Z 0 [ERROR] 
2024-10-02T04:23:31.944799Z 0 [ERROR] 
2024-10-02T04:23:31.945317Z 0 [ERROR] 
2024-10-02T04:23:31.945817Z 0 [ERROR] 
2024-10-02T04:23:31.946317Z 0 [ERROR] 
2024-10-02T04:23:31.946822Z 0 [ERROR] 
2024-10-02T04:23:31.947326Z 0 [ERROR] 
2024-10-02T04:23:31.947882Z 0 [ERROR] 
2024-10-02T04:23:31.948498Z 0 [ERROR] 
2024-10-02T04:23:31.949036Z 0 [ERROR] 
2024-10-02T04:23:31.949549Z 0 [ERROR] 
2024-10-02T04:23:31.950055Z 0 [ERROR] 
2024-10-02T04:23:31.950553Z 0 [ERROR] 
2024-10-02T04:23:31.951051Z 0 [ERROR] 
2024-10-02T04:23:31.951579Z 0 [ERROR] 
2024-10-02T04:23:31.952190Z 0 [ERROR] 
2024-10-02T04:23:31.952798Z 0 [ERROR] 
2024-10-02T04:23:31.953561Z 0 [ERROR] 
2024-10-02T04:23:31.954273Z 0 [ERROR] 
2024-10-02T04:23:31.954976Z 0 [ERROR] 
2024-10-02T04:23:31.955944Z 0 [ERROR] Incorrect definition of table mysql.db: expected column 'User' at position 2 to have type char(32), found type char(16).
2024-10-02T04:23:31.958263Z 0 [ERROR] mysql.user has no `Event_priv` column at position 28
2024-10-02T04:23:31.986922Z 0 [ERROR] Event Scheduler: An error occurred when initializing system tables. Disabling the Event Scheduler.
2024-10-02T04:23:31.989084Z 0 [Note] 
2024-10-02T04:24:42.082753Z 16 [ERROR] InnoDB: Table `mysql`.`innodb_table_stats` not found.
2024-10-02T04:24:42.084379Z 16 [ERROR] InnoDB: Fetch of persistent statistics requested for table `synchroclub`.`classes` but the required system tables mysql.innodb_table_stats and mysql.innodb_index_stats are not present or have unexpected structure. Using transient stats instead.
2024-10-02T04:24:42.113660Z 16 [ERROR] InnoDB: Table `mysql`.`innodb_table_stats` not found.
2024-10-02T04:24:42.114750Z 16 [ERROR] InnoDB: Fetch of persistent statistics requested for table `synchroclub`.`logins` but the required system tables mysql.innodb_table_stats and mysql.innodb_index_stats are not present or have unexpected structure. Using transient stats instead.
2024-10-02T04:24:42.132276Z 16 [ERROR] InnoDB: Table `mysql`.`innodb_table_stats` not found.
2024-10-02T04:24:42.133665Z 16 [ERROR] InnoDB: Fetch of persistent statistics requested for table `synchroclub`.`user` but the required system tables mysql.innodb_table_stats and mysql.innodb_index_stats are not present or have unexpected structure. Using transient stats instead.
2024-10-02T07:17:34.979709Z 99 [ERROR] InnoDB: Table `mysql`.`innodb_table_stats` not found.
2024-10-02T07:17:34.982442Z 99 [ERROR] InnoDB: Fetch of persistent statistics requested for table `synchroclub`.`user` but the required system tables mysql.innodb_table_stats and mysql.innodb_index_stats are not present or have unexpected structure. Using transient stats instead.
2024-10-02T07:18:29.045842Z 145 [ERROR] InnoDB: Table `mysql`.`innodb_table_stats` not found.
2024-10-02T07:18:29.048959Z 145 [ERROR] InnoDB: Table `mysql`.`innodb_table_stats` not found.
2024-10-02T07:18:29.084218Z 145 [ERROR] InnoDB: Table `mysql`.`innodb_table_stats` not found.
2024-10-02T07:18:29.087358Z 145 [Warning] InnoDB: Recalculation of persistent statistics requested for table `synchroclub`.`user` but the required persistent statistics storage is not present or is corrupted. Using transient stats instead.
2024-10-02T07:18:29.097181Z 145 [ERROR] InnoDB: Table `mysql`.`innodb_table_stats` not found.
2024-10-02T07:18:29.099667Z 145 [ERROR] InnoDB: Fetch of persistent statistics requested for table `synchroclub`.`user` but the required system tables mysql.innodb_table_stats and mysql.innodb_index_stats are not present or have unexpected structure. Using transient stats instead.
2024-10-02T07:21:05.533637Z 195 [ERROR] InnoDB: Table `mysql`.`innodb_table_stats` not found.
2024-10-02T07:21:05.536493Z 195 [ERROR] InnoDB: Fetch of persistent statistics requested for table `synchroclub`.`user` but the required system tables mysql.innodb_table_stats and mysql.innodb_index_stats are not present or have unexpected structure. Using transient stats instead.
2024-10-02T07:21:14.998437Z 219 [ERROR] InnoDB: Table `mysql`.`innodb_table_stats` not found.
2024-10-02T07:21:15.001068Z 219 [ERROR] InnoDB: Table `mysql`.`innodb_table_stats` not found.
2024-10-02T07:21:15.009323Z 219 [ERROR] InnoDB: Table `mysql`.`innodb_table_stats` not found.
2024-10-02T07:21:15.012039Z 219 [Warning] InnoDB: Recalculation of persistent statistics requested for table `synchroclub`.`user` but the required persistent statistics storage is not present or is corrupted. Using transient stats instead.
2024-10-02T07:21:15.021936Z 219 [ERROR] InnoDB: Table `mysql`.`innodb_table_stats` not found.
2024-10-02T07:21:15.024391Z 219 [ERROR] InnoDB: Fetch of persistent statistics requested for table `synchroclub`.`user` but the required system tables mysql.innodb_table_stats and mysql.innodb_index_stats are not present or have unexpected structure. Using transient stats instead.
2024-10-02T07:21:22.286979Z 243 [ERROR] InnoDB: Table `mysql`.`innodb_table_stats` not found.
2024-10-02T07:21:22.290133Z 243 [ERROR] InnoDB: Table `mysql`.`innodb_table_stats` not found.
2024-10-02T07:21:22.299108Z 243 [ERROR] InnoDB: Table `mysql`.`innodb_table_stats` not found.
2024-10-02T07:21:22.302116Z 243 [Warning] InnoDB: Recalculation of persistent statistics requested for table `synchroclub`.`user` but the required persistent statistics storage is not present or is corrupted. Using transient stats instead.
2024-10-02T07:21:22.313665Z 243 [ERROR] InnoDB: Table `mysql`.`innodb_table_stats` not found.
2024-10-02T07:21:22.316398Z 243 [ERROR] InnoDB: Fetch of persistent statistics requested for table `synchroclub`.`user` but the required system tables mysql.innodb_table_stats and mysql.innodb_index_stats are not present or have unexpected structure. Using transient stats instead.
2024-10-02T07:21:29.156172Z 267 [ERROR] InnoDB: Table `mysql`.`innodb_table_stats` not found.
2024-10-02T07:21:29.159067Z 267 [ERROR] InnoDB: Table `mysql`.`innodb_table_stats` not found.
2024-10-02T07:21:29.168560Z 267 [ERROR] InnoDB: Table `mysql`.`innodb_table_stats` not found.
2024-10-02T07:21:29.171591Z 267 [Warning] InnoDB: Recalculation of persistent statistics requested for table `synchroclub`.`user` but the required persistent statistics storage is not present or is corrupted. Using transient stats instead.
2024-10-02T07:21:29.182647Z 267 [ERROR] InnoDB: Table `mysql`.`innodb_table_stats` not found.
2024-10-02T07:21:29.185399Z 267 [ERROR] InnoDB: Fetch of persistent statistics requested for table `synchroclub`.`user` but the required system tables mysql.innodb_table_stats and mysql.innodb_index_stats are not present or have unexpected structure. Using transient stats instead.
2024-10-02T07:21:36.229205Z 291 [ERROR] InnoDB: Table `mysql`.`innodb_table_stats` not found.
2024-10-02T07:21:36.232370Z 291 [ERROR] InnoDB: Table `mysql`.`innodb_table_stats` not found.
2024-10-02T07:21:36.240582Z 291 [ERROR] InnoDB: Table `mysql`.`innodb_table_stats` not found.
2024-10-02T07:21:36.243277Z 291 [Warning] InnoDB: Recalculation of persistent statistics requested for table `synchroclub`.`user` but the required persistent statistics storage is not present or is corrupted. Using transient stats instead.
2024-10-02T07:21:36.254531Z 291 [ERROR] InnoDB: Table `mysql`.`innodb_table_stats` not found.
2024-10-02T07:21:36.256990Z 291 [ERROR] InnoDB: Fetch of persistent statistics requested for table `synchroclub`.`user` but the required system tables mysql.innodb_table_stats and mysql.innodb_index_stats are not present or have unexpected structure. Using transient stats instead.
2024-10-02T07:23:42.497051Z 324 [ERROR] InnoDB: Table `mysql`.`innodb_table_stats` not found.
2024-10-02T07:23:52.074990Z 348 [ERROR] InnoDB: Table `mysql`.`innodb_table_stats` not found.
2024-10-02T07:24:03.328985Z 0 [ERROR] InnoDB: Table `mysql`.`innodb_table_stats` not found.
2024-10-02T07:24:03.331338Z 0 [Warning] InnoDB: Recalculation of persistent statistics requested for table `synchroclub`.`user` but the required persistent statistics storage is not present or is corrupted. Using transient stats instead.
2024-10-02T07:24:14.577469Z 382 [ERROR] InnoDB: Table `mysql`.`innodb_table_stats` not found.
2024-10-02T07:24:14.580322Z 382 [ERROR] InnoDB: Table `mysql`.`innodb_table_stats` not found.
2024-10-02T07:24:14.592051Z 382 [ERROR] InnoDB: Table `mysql`.`innodb_table_stats` not found.
2024-10-02T07:24:14.596014Z 382 [Warning] InnoDB: Recalculation of persistent statistics requested for table `synchroclub`.`user` but the required persistent statistics storage is not present or is corrupted. Using transient stats instead.
2024-10-02T07:24:14.606781Z 382 [ERROR] InnoDB: Table `mysql`.`innodb_table_stats` not found.
2024-10-02T07:24:14.609217Z 382 [ERROR] InnoDB: Fetch of persistent statistics requested for table `synchroclub`.`user` but the required system tables mysql.innodb_table_stats and mysql.innodb_index_stats are not present or have unexpected structure. Using transient stats instead.
2024-10-02T07:24:21.991148Z 406 [ERROR] InnoDB: Table `mysql`.`innodb_table_stats` not found.
2024-10-02T07:24:21.994327Z 406 [ERROR] InnoDB: Table `mysql`.`innodb_table_stats` not found.
2024-10-02T07:24:22.007077Z 406 [ERROR] InnoDB: Table `mysql`.`innodb_table_stats` not found.
2024-10-02T07:24:22.011237Z 406 [Warning] InnoDB: Recalculation of persistent statistics requested for table `synchroclub`.`user` but the required persistent statistics storage is not present or is corrupted. Using transient stats instead.
2024-10-02T07:24:22.022390Z 406 [ERROR] InnoDB: Table `mysql`.`innodb_table_stats` not found.
2024-10-02T07:24:22.025422Z 406 [ERROR] InnoDB: Fetch of persistent statistics requested for table `synchroclub`.`user` but the required system tables mysql.innodb_table_stats and mysql.innodb_index_stats are not present or have unexpected structure. Using transient stats instead.
2024-10-02T07:24:49.682289Z 431 [ERROR] InnoDB: Table `mysql`.`innodb_table_stats` not found.
2024-10-02T07:24:49.684822Z 431 [ERROR] InnoDB: Table `mysql`.`innodb_table_stats` not found.
2024-10-02T07:24:49.697391Z 431 [ERROR] InnoDB: Table `mysql`.`innodb_table_stats` not found.
2024-10-02T07:24:49.700484Z 431 [Warning] InnoDB: Recalculation of persistent statistics requested for table `synchroclub`.`user` but the required persistent statistics storage is not present or is corrupted. Using transient stats instead.
2024-10-02T07:24:49.712090Z 431 [ERROR] InnoDB: Table `mysql`.`innodb_table_stats` not found.
2024-10-02T07:24:49.714527Z 431 [ERROR] InnoDB: Fetch of persistent statistics requested for table `synchroclub`.`user` but the required system tables mysql.innodb_table_stats and mysql.innodb_index_stats are not present or have unexpected structure. Using transient stats instead.
2024-10-02T07:24:57.010197Z 455 [ERROR] InnoDB: Table `mysql`.`innodb_table_stats` not found.
2024-10-02T07:24:57.013005Z 455 [ERROR] InnoDB: Table `mysql`.`innodb_table_stats` not found.
2024-10-02T07:24:57.025206Z 455 [ERROR] InnoDB: Table `mysql`.`innodb_table_stats` not found.
2024-10-02T07:24:57.028064Z 455 [Warning] InnoDB: Recalculation of persistent statistics requested for table `synchroclub`.`user` but the required persistent statistics storage is not present or is corrupted. Using transient stats instead.
2024-10-02T07:24:57.040117Z 455 [ERROR] InnoDB: Table `mysql`.`innodb_table_stats` not found.
2024-10-02T07:24:57.043073Z 455 [ERROR] InnoDB: Fetch of persistent statistics requested for table `synchroclub`.`user` but the required system tables mysql.innodb_table_stats and mysql.innodb_index_stats are not present or have unexpected structure. Using transient stats instead.
2024-10-02T07:47:55.627686Z 0 [Note] InnoDB: page_cleaner: 1000ms intended loop took 243326ms. The settings might not be optimal. (flushed=0 and evicted=0, during the time.)
2024-10-03T08:19:42.906289Z 0 [Warning] TIMESTAMP with implicit DEFAULT value is deprecated. Please use --explicit_defaults_for_timestamp server option (see documentation for more details).
2024-10-03T08:19:42.907055Z 0 [Note] --secure-file-priv is set to NULL. Operations related to importing and exporting data are disabled
2024-10-03T08:19:42.908828Z 0 [ERROR] Cannot open Windows EventLog; check privileges, or start server with --log_syslog=0
2024-10-03T08:19:42.908901Z 0 [Note] C:\Users\iliat\Downloads\usbwebserver/mysql/bin/mysqld_usbwv8.exe (mysqld 5.7.36) starting as process 8156 ...
2024-10-03T08:19:42.929138Z 0 [ERROR] Error message file 'C:\Users\iliat\Downloads\usbwebserver\mysql\share\english\errmsg.sys' had only 886 error messages,
                    but it should contain at least 1123 error messages.
                    Check that the above file is the right version for                     this program!
2024-10-03T08:19:43.004762Z 0 [Note] InnoDB: Mutexes and rw_locks use Windows interlocked functions
2024-10-03T08:19:43.006462Z 0 [Note] InnoDB: Uses event mutexes
2024-10-03T08:19:43.007578Z 0 [Note] InnoDB: Memory barrier is not used
2024-10-03T08:19:43.008767Z 0 [Note] InnoDB: Compressed tables use zlib 1.2.11
2024-10-03T08:19:43.011064Z 0 [Note] InnoDB: Number of pools: 1
2024-10-03T08:19:43.012580Z 0 [Note] InnoDB: Not using CPU crc32 instructions
2024-10-03T08:19:43.022621Z 0 [Note] InnoDB: Initializing buffer pool, total size = 128M, instances = 1, chunk size = 128M
2024-10-03T08:19:43.046508Z 0 [Note] InnoDB: Completed initialization of buffer pool
2024-10-03T08:19:43.189983Z 0 [Note] InnoDB: Highest supported file format is Barracuda.
2024-10-03T08:19:43.195630Z 0 [Note] InnoDB: Log scan progressed past the checkpoint lsn 1425152
2024-10-03T08:19:43.197249Z 0 [Note] InnoDB: Doing recovery: scanned up to log sequence number 1425161
2024-10-03T08:19:43.199799Z 0 [Note] InnoDB: Database was not shutdown normally!
2024-10-03T08:19:43.202364Z 0 [Note] InnoDB: Starting crash recovery.
2024-10-03T08:19:43.588578Z 0 [Note] InnoDB: Removed temporary tablespace data file: "ibtmp1"
2024-10-03T08:19:43.592517Z 0 [Note] InnoDB: Creating shared tablespace for temporary tables
2024-10-03T08:19:43.598349Z 0 [Note] InnoDB: Setting file 'C:\Users\iliat\Downloads\usbwebserver\mysql\data\ibtmp1' size to 12 MB. Physically writing the file full; Please wait ...
2024-10-03T08:19:43.655975Z 0 [Note] InnoDB: File 'C:\Users\iliat\Downloads\usbwebserver\mysql\data\ibtmp1' size is now 12 MB.
2024-10-03T08:19:43.698257Z 0 [Note] InnoDB: 96 redo rollback segment(s) found. 96 redo rollback segment(s) are active.
2024-10-03T08:19:43.702089Z 0 [Note] InnoDB: 32 non-redo rollback segment(s) are active.
2024-10-03T08:19:43.706452Z 0 [Note] InnoDB: Waiting for purge to start
2024-10-03T08:19:43.765736Z 0 [Note] InnoDB: 5.7.36 started; log sequence number 1425161
2024-10-03T08:19:43.770494Z 0 [Note] InnoDB: Loading buffer pool(s) from C:\Users\iliat\Downloads\usbwebserver\mysql\data\ib_buffer_pool
2024-10-03T08:19:43.770711Z 0 [Note] Plugin 'FEDERATED' is disabled.
2024-10-03T08:19:43.774443Z 0 [ERROR] InnoDB: Cannot open 'C:\Users\iliat\Downloads\usbwebserver\mysql\data\ib_buffer_pool' for reading: No such file or directory
2024-10-03T08:19:43.836455Z 0 [Warning] System table 'plugin' is expected to be transactional.
2024-10-03T08:19:43.865807Z 0 [Warning] Gtid table is not ready to be used. Table 'mysql.gtid_executed' cannot be opened.
2024-10-03T08:19:43.878814Z 0 [Note] Found ca.pem, server-cert.pem and server-key.pem in data directory. Trying to enable SSL support using them.
2024-10-03T08:19:43.882992Z 0 [Note] Skipping generation of SSL certificates as certificate files are present in data directory.
2024-10-03T08:19:43.886906Z 0 [Warning] 
2024-10-03T08:19:43.887986Z 0 [Warning] 
2024-10-03T08:19:43.978582Z 0 [Warning] CA certificate ca.pem is self signed.
2024-10-03T08:19:43.983308Z 0 [Note] Skipping generation of RSA key pair as key files are present in data directory.
2024-10-03T08:19:44.044514Z 0 [Note] Server hostname (bind-address): '*'; port: 3306
2024-10-03T08:19:44.048676Z 0 [Note] IPv6 is available.
2024-10-03T08:19:44.052071Z 0 [Note]   - '::' resolves to '::';
2024-10-03T08:19:44.054145Z 0 [Note] Server socket created on IP: '::'.
2024-10-03T08:19:44.058820Z 0 [Warning] Failed to open optimizer cost constant tables

2024-10-03T08:19:44.664044Z 0 [Warning] System table 'time_zone_leap_second' is expected to be transactional.
2024-10-03T08:19:44.666923Z 0 [Warning] System table 'time_zone_name' is expected to be transactional.
2024-10-03T08:19:44.669625Z 0 [Warning] System table 'time_zone' is expected to be transactional.
2024-10-03T08:19:44.672141Z 0 [Warning] System table 'time_zone_transition_type' is expected to be transactional.
2024-10-03T08:19:44.675092Z 0 [Warning] System table 'time_zone_transition' is expected to be transactional.
2024-10-03T08:19:44.893328Z 0 [Warning] System table 'servers' is expected to be transactional.
2024-10-03T08:19:44.978153Z 0 [Warning] InnoDB: Cannot open table mysql/slave_master_info from the internal data dictionary of InnoDB though the .frm file for the table exists. Please refer to http://dev.mysql.com/doc/refman/5.7/en/innodb-troubleshooting.html for how to resolve the issue.
2024-10-03T08:19:45.011412Z 0 [Warning] InnoDB: Cannot open table mysql/slave_relay_log_info from the internal data dictionary of InnoDB though the .frm file for the table exists. Please refer to http://dev.mysql.com/doc/refman/5.7/en/innodb-troubleshooting.html for how to resolve the issue.
2024-10-03T08:19:45.020112Z 0 [Warning] InnoDB: Cannot open table mysql/slave_master_info from the internal data dictionary of InnoDB though the .frm file for the table exists. Please refer to http://dev.mysql.com/doc/refman/5.7/en/innodb-troubleshooting.html for how to resolve the issue.
2024-10-03T08:19:45.027745Z 0 [Warning] Info table is not ready to be used. Table 'mysql.slave_master_info' cannot be opened.
2024-10-03T08:19:45.081035Z 0 [Warning] InnoDB: Cannot open table mysql/slave_worker_info from the internal data dictionary of InnoDB though the .frm file for the table exists. Please refer to http://dev.mysql.com/doc/refman/5.7/en/innodb-troubleshooting.html for how to resolve the issue.
2024-10-03T08:19:45.092168Z 0 [Warning] InnoDB: Cannot open table mysql/slave_relay_log_info from the internal data dictionary of InnoDB though the .frm file for the table exists. Please refer to http://dev.mysql.com/doc/refman/5.7/en/innodb-troubleshooting.html for how to resolve the issue.
2024-10-03T08:19:45.103067Z 0 [Warning] Info table is not ready to be used. Table 'mysql.slave_relay_log_info' cannot be opened.
2024-10-03T08:19:45.107320Z 0 [Note] Failed to start slave threads for channel ''
2024-10-03T08:19:45.192408Z 0 [ERROR] Incorrect definition of table performance_schema.events_waits_current: expected column 'NESTING_EVENT_TYPE' at position 15 to have type enum('TRANSACTION','STATEMENT','STAGE','WAIT', found type enum('STATEMENT','STAGE','WAIT').
2024-10-03T08:19:45.235244Z 0 [ERROR] Incorrect definition of table performance_schema.events_waits_history: expected column 'NESTING_EVENT_TYPE' at position 15 to have type enum('TRANSACTION','STATEMENT','STAGE','WAIT', found type enum('STATEMENT','STAGE','WAIT').
2024-10-03T08:19:45.267776Z 0 [ERROR] Incorrect definition of table performance_schema.events_waits_history_long: expected column 'NESTING_EVENT_TYPE' at position 15 to have type enum('TRANSACTION','STATEMENT','STAGE','WAIT', found type enum('STATEMENT','STAGE','WAIT').
2024-10-03T08:19:45.355329Z 0 [ERROR] Incorrect definition of table performance_schema.events_waits_summary_by_user_by_event_name: expected column 'USER' at position 0 to have type char(32), found type char(16).
2024-10-03T08:19:45.381806Z 0 [ERROR] Incorrect definition of table performance_schema.events_waits_summary_by_account_by_event_name: expected column 'USER' at position 0 to have type char(32), found type char(16).
2024-10-03T08:19:45.545072Z 0 [ERROR] 
2024-10-03T08:19:45.587753Z 0 [ERROR] Incorrect definition of table performance_schema.setup_objects: expected column 'OBJECT_TYPE' at position 0 to have type enum('EVENT','FUNCTION','PROCEDURE','TABLE','TRIGGER', found type enum('TABLE').
2024-10-03T08:19:45.652183Z 0 [ERROR] 
2024-10-03T08:19:45.667100Z 0 [ERROR] 
2024-10-03T08:19:45.684324Z 0 [ERROR] 
2024-10-03T08:19:45.701704Z 0 [ERROR] 
2024-10-03T08:19:45.719154Z 0 [ERROR] 
2024-10-03T08:19:45.751973Z 0 [ERROR] Incorrect definition of table performance_schema.events_stages_summary_by_account_by_event_name: expected column 'USER' at position 0 to have type char(32), found type char(16).
2024-10-03T08:19:45.770172Z 0 [ERROR] Incorrect definition of table performance_schema.events_stages_summary_by_user_by_event_name: expected column 'USER' at position 0 to have type char(32), found type char(16).
2024-10-03T08:19:45.820206Z 0 [ERROR] 
2024-10-03T08:19:45.836519Z 0 [ERROR] 
2024-10-03T08:19:45.852714Z 0 [ERROR] 
2024-10-03T08:19:45.886070Z 0 [ERROR] Incorrect definition of table performance_schema.events_statements_summary_by_account_by_event_name: expected column 'USER' at position 0 to have type char(32), found type char(16).
2024-10-03T08:19:45.902729Z 0 [ERROR] Incorrect definition of table performance_schema.events_statements_summary_by_user_by_event_name: expected column 'USER' at position 0 to have type char(32), found type char(16).
2024-10-03T08:19:45.951640Z 0 [ERROR] 
2024-10-03T08:19:45.952300Z 0 [ERROR] 
2024-10-03T08:19:45.952934Z 0 [ERROR] 
2024-10-03T08:19:45.953549Z 0 [ERROR] 
2024-10-03T08:19:45.954172Z 0 [ERROR] 
2024-10-03T08:19:45.954786Z 0 [ERROR] 
2024-10-03T08:19:45.955399Z 0 [ERROR] 
2024-10-03T08:19:45.956035Z 0 [ERROR] 
2024-10-03T08:19:45.956734Z 0 [ERROR] 
2024-10-03T08:19:45.967649Z 0 [ERROR] Incorrect definition of table performance_schema.users: expected column 'USER' at position 0 to have type char(32), found type char(16).
2024-10-03T08:19:45.980210Z 0 [ERROR] Incorrect definition of table performance_schema.accounts: expected column 'USER' at position 0 to have type char(32), found type char(16).
2024-10-03T08:19:46.074919Z 0 [ERROR] 
2024-10-03T08:19:46.075561Z 0 [ERROR] 
2024-10-03T08:19:46.076208Z 0 [ERROR] 
2024-10-03T08:19:46.077010Z 0 [ERROR] 
2024-10-03T08:19:46.077752Z 0 [ERROR] 
2024-10-03T08:19:46.078415Z 0 [ERROR] 
2024-10-03T08:19:46.079035Z 0 [ERROR] 
2024-10-03T08:19:46.079651Z 0 [ERROR] 
2024-10-03T08:19:46.080266Z 0 [ERROR] 
2024-10-03T08:19:46.080878Z 0 [ERROR] 
2024-10-03T08:19:46.081493Z 0 [ERROR] 
2024-10-03T08:19:46.082102Z 0 [ERROR] 
2024-10-03T08:19:46.082716Z 0 [ERROR] 
2024-10-03T08:19:46.083335Z 0 [ERROR] 
2024-10-03T08:19:46.083955Z 0 [ERROR] 
2024-10-03T08:19:46.084574Z 0 [ERROR] 
2024-10-03T08:19:46.085189Z 0 [ERROR] 
2024-10-03T08:19:46.085802Z 0 [ERROR] 
2024-10-03T08:19:46.086415Z 0 [ERROR] 
2024-10-03T08:19:46.087027Z 0 [ERROR] 
2024-10-03T08:19:46.087672Z 0 [ERROR] 
2024-10-03T08:19:46.088314Z 0 [ERROR] 
2024-10-03T08:19:46.088929Z 0 [ERROR] 
2024-10-03T08:19:46.089541Z 0 [ERROR] 
2024-10-03T08:19:46.090150Z 0 [ERROR] 
2024-10-03T08:19:46.090785Z 0 [ERROR] 
2024-10-03T08:19:46.091515Z 0 [ERROR] Incorrect definition of table mysql.db: expected column 'User' at position 2 to have type char(32), found type char(16).
2024-10-03T08:19:46.093271Z 0 [ERROR] mysql.user has no `Event_priv` column at position 28
2024-10-03T08:19:46.113355Z 0 [ERROR] Event Scheduler: An error occurred when initializing system tables. Disabling the Event Scheduler.
2024-10-03T08:19:46.115173Z 0 [Note] 
2024-10-03T08:32:29.890036Z 16 [ERROR] InnoDB: Table `mysql`.`innodb_table_stats` not found.
2024-10-03T08:32:29.892705Z 16 [ERROR] InnoDB: Fetch of persistent statistics requested for table `synchroclub`.`classes` but the required system tables mysql.innodb_table_stats and mysql.innodb_index_stats are not present or have unexpected structure. Using transient stats instead.
2024-10-03T08:32:29.926233Z 16 [ERROR] InnoDB: Table `mysql`.`innodb_table_stats` not found.
2024-10-03T08:32:29.927928Z 16 [ERROR] InnoDB: Fetch of persistent statistics requested for table `synchroclub`.`logins` but the required system tables mysql.innodb_table_stats and mysql.innodb_index_stats are not present or have unexpected structure. Using transient stats instead.
2024-10-03T08:32:29.951765Z 16 [ERROR] InnoDB: Table `mysql`.`innodb_table_stats` not found.
2024-10-03T08:32:29.953330Z 16 [ERROR] InnoDB: Fetch of persistent statistics requested for table `synchroclub`.`user` but the required system tables mysql.innodb_table_stats and mysql.innodb_index_stats are not present or have unexpected structure. Using transient stats instead.
2024-10-03T08:32:38.266067Z 22 [ERROR] InnoDB: Table `mysql`.`innodb_table_stats` not found.
2024-10-03T08:33:30.043246Z 46 [ERROR] InnoDB: Table `mysql`.`innodb_table_stats` not found.
2024-10-03T08:33:30.046222Z 46 [ERROR] InnoDB: Fetch of persistent statistics requested for table `synchroclub`.`user` but the required system tables mysql.innodb_table_stats and mysql.innodb_index_stats are not present or have unexpected structure. Using transient stats instead.
2024-10-03T08:40:05.340881Z 138 [ERROR] InnoDB: Table `mysql`.`innodb_table_stats` not found.
2024-10-03T08:40:05.342900Z 138 [ERROR] InnoDB: Table `mysql`.`innodb_table_stats` not found.
2024-10-03T08:40:05.344500Z 138 [ERROR] InnoDB: Fetch of persistent statistics requested for table `synchroclub`.`#sql-1fdc_8a` but the required system tables mysql.innodb_table_stats and mysql.innodb_index_stats are not present or have unexpected structure. Using transient stats instead.
2024-10-03T08:40:05.360211Z 138 [ERROR] InnoDB: Table `mysql`.`innodb_table_stats` not found.
2024-10-03T08:40:05.362227Z 138 [ERROR] InnoDB: Table `mysql`.`innodb_table_stats` not found.
2024-10-03T08:40:05.370961Z 138 [ERROR] InnoDB: Table `mysql`.`innodb_table_stats` not found.
2024-10-03T08:40:05.372559Z 138 [ERROR] InnoDB: Table `mysql`.`innodb_table_stats` not found.
2024-10-03T08:40:05.376101Z 138 [ERROR] InnoDB: Table `mysql`.`innodb_table_stats` not found.
2024-10-03T08:40:05.397236Z 138 [ERROR] InnoDB: Table `mysql`.`innodb_table_stats` not found.
2024-10-03T08:40:05.399132Z 138 [ERROR] InnoDB: Fetch of persistent statistics requested for table `synchroclub`.`user` but the required system tables mysql.innodb_table_stats and mysql.innodb_index_stats are not present or have unexpected structure. Using transient stats instead.
2024-10-03T08:40:15.362063Z 0 [ERROR] InnoDB: Table `mysql`.`innodb_table_stats` not found.
2024-10-03T08:40:15.364555Z 0 [Warning] InnoDB: Recalculation of persistent statistics requested for table `synchroclub`.`user` but the required persistent statistics storage is not present or is corrupted. Using transient stats instead.
2024-10-03T09:59:57.612655Z 194 [ERROR] InnoDB: Table `mysql`.`innodb_table_stats` not found.
2024-10-03T09:59:57.613818Z 194 [ERROR] InnoDB: Table `mysql`.`innodb_table_stats` not found.
2024-10-03T09:59:57.624922Z 194 [Warning] System table 'servers' is expected to be transactional.
2024-10-03T09:59:57.626917Z 194 [ERROR] InnoDB: Table `mysql`.`innodb_table_stats` not found.
2024-10-03T09:59:57.628003Z 194 [ERROR] InnoDB: Fetch of persistent statistics requested for table `synchroclub`.`users` but the required system tables mysql.innodb_table_stats and mysql.innodb_index_stats are not present or have unexpected structure. Using transient stats instead.
2024-10-03T09:59:57.746499Z 194 [ERROR] InnoDB: Table `mysql`.`innodb_table_stats` not found.
2024-10-03T09:59:57.747653Z 194 [ERROR] InnoDB: Table `mysql`.`innodb_table_stats` not found.
2024-10-03T09:59:57.756143Z 194 [ERROR] InnoDB: Table `mysql`.`innodb_table_stats` not found.
2024-10-03T09:59:57.757316Z 194 [Warning] InnoDB: Recalculation of persistent statistics requested for table `synchroclub`.`users` but the required persistent statistics storage is not present or is corrupted. Using transient stats instead.
2024-10-03T09:59:57.760808Z 194 [ERROR] InnoDB: Table `mysql`.`innodb_table_stats` not found.
2024-10-03T09:59:57.761879Z 194 [ERROR] InnoDB: Fetch of persistent statistics requested for table `synchroclub`.`users` but the required system tables mysql.innodb_table_stats and mysql.innodb_index_stats are not present or have unexpected structure. Using transient stats instead.
2024-10-03T11:00:41.993074Z 0 [Note] InnoDB: page_cleaner: 1000ms intended loop took 270361ms. The settings might not be optimal. (flushed=0 and evicted=0, during the time.)
2024-10-03T11:04:23.494663Z 0 [Warning] TIMESTAMP with implicit DEFAULT value is deprecated. Please use --explicit_defaults_for_timestamp server option (see documentation for more details).
2024-10-03T11:04:23.495340Z 0 [Note] --secure-file-priv is set to NULL. Operations related to importing and exporting data are disabled
2024-10-03T11:04:23.496209Z 0 [ERROR] Cannot open Windows EventLog; check privileges, or start server with --log_syslog=0
2024-10-03T11:04:23.496286Z 0 [Note] C:\Users\iliat\Downloads\usbwebserver/mysql/bin/mysqld_usbwv8.exe (mysqld 5.7.36) starting as process 12464 ...
2024-10-03T11:04:23.575872Z 0 [ERROR] Error message file 'C:\Users\iliat\Downloads\usbwebserver\mysql\share\english\errmsg.sys' had only 886 error messages,
                    but it should contain at least 1123 error messages.
                    Check that the above file is the right version for                     this program!
2024-10-03T11:04:23.629987Z 0 [Note] InnoDB: Mutexes and rw_locks use Windows interlocked functions
2024-10-03T11:04:23.631361Z 0 [Note] InnoDB: Uses event mutexes
2024-10-03T11:04:23.632175Z 0 [Note] InnoDB: Memory barrier is not used
2024-10-03T11:04:23.632974Z 0 [Note] InnoDB: Compressed tables use zlib 1.2.11
2024-10-03T11:04:23.634333Z 0 [Note] InnoDB: Number of pools: 1
2024-10-03T11:04:23.635030Z 0 [Note] InnoDB: Not using CPU crc32 instructions
2024-10-03T11:04:23.639267Z 0 [Note] InnoDB: Initializing buffer pool, total size = 128M, instances = 1, chunk size = 128M
2024-10-03T11:04:23.651510Z 0 [Note] InnoDB: Completed initialization of buffer pool
2024-10-03T11:04:23.801860Z 0 [Note] InnoDB: Highest supported file format is Barracuda.
2024-10-03T11:04:23.808319Z 0 [Note] InnoDB: Log scan progressed past the checkpoint lsn 1446053
2024-10-03T11:04:23.809408Z 0 [Note] InnoDB: Doing recovery: scanned up to log sequence number 1446062
2024-10-03T11:04:23.810424Z 0 [Note] InnoDB: Database was not shutdown normally!
2024-10-03T11:04:23.811200Z 0 [Note] InnoDB: Starting crash recovery.
2024-10-03T11:04:24.313513Z 0 [Note] InnoDB: Removed temporary tablespace data file: "ibtmp1"
2024-10-03T11:04:24.314447Z 0 [Note] InnoDB: Creating shared tablespace for temporary tables
2024-10-03T11:04:24.316607Z 0 [Note] InnoDB: Setting file 'C:\Users\iliat\Downloads\usbwebserver\mysql\data\ibtmp1' size to 12 MB. Physically writing the file full; Please wait ...
2024-10-03T11:04:24.338753Z 0 [Note] InnoDB: File 'C:\Users\iliat\Downloads\usbwebserver\mysql\data\ibtmp1' size is now 12 MB.
2024-10-03T11:04:24.351602Z 0 [Note] InnoDB: 96 redo rollback segment(s) found. 96 redo rollback segment(s) are active.
2024-10-03T11:04:24.352504Z 0 [Note] InnoDB: 32 non-redo rollback segment(s) are active.
2024-10-03T11:04:24.353592Z 0 [Note] InnoDB: Waiting for purge to start
2024-10-03T11:04:24.409624Z 0 [Note] InnoDB: 5.7.36 started; log sequence number 1446062
2024-10-03T11:04:24.411056Z 0 [Note] InnoDB: Loading buffer pool(s) from C:\Users\iliat\Downloads\usbwebserver\mysql\data\ib_buffer_pool
2024-10-03T11:04:24.411235Z 0 [Note] Plugin 'FEDERATED' is disabled.
2024-10-03T11:04:24.412633Z 0 [ERROR] InnoDB: Cannot open 'C:\Users\iliat\Downloads\usbwebserver\mysql\data\ib_buffer_pool' for reading: No such file or directory
2024-10-03T11:04:24.437610Z 0 [Warning] System table 'plugin' is expected to be transactional.
2024-10-03T11:04:24.448313Z 0 [Warning] Gtid table is not ready to be used. Table 'mysql.gtid_executed' cannot be opened.
2024-10-03T11:04:24.454752Z 0 [Note] Found ca.pem, server-cert.pem and server-key.pem in data directory. Trying to enable SSL support using them.
2024-10-03T11:04:24.455837Z 0 [Note] Skipping generation of SSL certificates as certificate files are present in data directory.
2024-10-03T11:04:24.456790Z 0 [Warning] 
2024-10-03T11:04:24.457091Z 0 [Warning] 
2024-10-03T11:04:24.484803Z 0 [Warning] CA certificate ca.pem is self signed.
2024-10-03T11:04:24.485882Z 0 [Note] Skipping generation of RSA key pair as key files are present in data directory.
2024-10-03T11:04:24.503777Z 0 [Note] Server hostname (bind-address): '*'; port: 3306
2024-10-03T11:04:24.504729Z 0 [Note] IPv6 is available.
2024-10-03T11:04:24.505744Z 0 [Note]   - '::' resolves to '::';
2024-10-03T11:04:24.506325Z 0 [Note] Server socket created on IP: '::'.
2024-10-03T11:04:24.508100Z 0 [Warning] Failed to open optimizer cost constant tables

2024-10-03T11:04:24.691570Z 0 [Warning] System table 'time_zone_leap_second' is expected to be transactional.
2024-10-03T11:04:24.692442Z 0 [Warning] System table 'time_zone_name' is expected to be transactional.
2024-10-03T11:04:24.693353Z 0 [Warning] System table 'time_zone' is expected to be transactional.
2024-10-03T11:04:24.694148Z 0 [Warning] System table 'time_zone_transition_type' is expected to be transactional.
2024-10-03T11:04:24.695054Z 0 [Warning] System table 'time_zone_transition' is expected to be transactional.
2024-10-03T11:04:24.770397Z 0 [Warning] System table 'servers' is expected to be transactional.
2024-10-03T11:04:24.799914Z 0 [Warning] InnoDB: Cannot open table mysql/slave_master_info from the internal data dictionary of InnoDB though the .frm file for the table exists. Please refer to http://dev.mysql.com/doc/refman/5.7/en/innodb-troubleshooting.html for how to resolve the issue.
2024-10-03T11:04:24.812363Z 0 [Warning] InnoDB: Cannot open table mysql/slave_relay_log_info from the internal data dictionary of InnoDB though the .frm file for the table exists. Please refer to http://dev.mysql.com/doc/refman/5.7/en/innodb-troubleshooting.html for how to resolve the issue.
2024-10-03T11:04:24.815802Z 0 [Warning] InnoDB: Cannot open table mysql/slave_master_info from the internal data dictionary of InnoDB though the .frm file for the table exists. Please refer to http://dev.mysql.com/doc/refman/5.7/en/innodb-troubleshooting.html for how to resolve the issue.
2024-10-03T11:04:24.818959Z 0 [Warning] Info table is not ready to be used. Table 'mysql.slave_master_info' cannot be opened.
2024-10-03T11:04:24.839968Z 0 [Warning] InnoDB: Cannot open table mysql/slave_worker_info from the internal data dictionary of InnoDB though the .frm file for the table exists. Please refer to http://dev.mysql.com/doc/refman/5.7/en/innodb-troubleshooting.html for how to resolve the issue.
2024-10-03T11:04:24.843472Z 0 [Warning] InnoDB: Cannot open table mysql/slave_relay_log_info from the internal data dictionary of InnoDB though the .frm file for the table exists. Please refer to http://dev.mysql.com/doc/refman/5.7/en/innodb-troubleshooting.html for how to resolve the issue.
2024-10-03T11:04:24.845826Z 0 [Warning] Info table is not ready to be used. Table 'mysql.slave_relay_log_info' cannot be opened.
2024-10-03T11:04:24.847469Z 0 [Note] Failed to start slave threads for channel ''
2024-10-03T11:04:24.869834Z 0 [ERROR] Incorrect definition of table performance_schema.events_waits_current: expected column 'NESTING_EVENT_TYPE' at position 15 to have type enum('TRANSACTION','STATEMENT','STAGE','WAIT', found type enum('STATEMENT','STAGE','WAIT').
2024-10-03T11:04:24.881773Z 0 [ERROR] Incorrect definition of table performance_schema.events_waits_history: expected column 'NESTING_EVENT_TYPE' at position 15 to have type enum('TRANSACTION','STATEMENT','STAGE','WAIT', found type enum('STATEMENT','STAGE','WAIT').
2024-10-03T11:04:24.895578Z 0 [ERROR] Incorrect definition of table performance_schema.events_waits_history_long: expected column 'NESTING_EVENT_TYPE' at position 15 to have type enum('TRANSACTION','STATEMENT','STAGE','WAIT', found type enum('STATEMENT','STAGE','WAIT').
2024-10-03T11:04:24.951258Z 0 [ERROR] Incorrect definition of table performance_schema.events_waits_summary_by_user_by_event_name: expected column 'USER' at position 0 to have type char(32), found type char(16).
2024-10-03T11:04:24.965313Z 0 [ERROR] Incorrect definition of table performance_schema.events_waits_summary_by_account_by_event_name: expected column 'USER' at position 0 to have type char(32), found type char(16).
2024-10-03T11:04:25.078023Z 0 [ERROR] 
2024-10-03T11:04:25.103868Z 0 [ERROR] Incorrect definition of table performance_schema.setup_objects: expected column 'OBJECT_TYPE' at position 0 to have type enum('EVENT','FUNCTION','PROCEDURE','TABLE','TRIGGER', found type enum('TABLE').
2024-10-03T11:04:25.148939Z 0 [ERROR] 
2024-10-03T11:04:25.159825Z 0 [ERROR] 
2024-10-03T11:04:25.176967Z 0 [ERROR] 
2024-10-03T11:04:25.196353Z 0 [ERROR] 
2024-10-03T11:04:25.213947Z 0 [ERROR] 
2024-10-03T11:04:25.250907Z 0 [ERROR] Incorrect definition of table performance_schema.events_stages_summary_by_account_by_event_name: expected column 'USER' at position 0 to have type char(32), found type char(16).
2024-10-03T11:04:25.268834Z 0 [ERROR] Incorrect definition of table performance_schema.events_stages_summary_by_user_by_event_name: expected column 'USER' at position 0 to have type char(32), found type char(16).
2024-10-03T11:04:25.303565Z 0 [ERROR] 
2024-10-03T11:04:25.314851Z 0 [ERROR] 
2024-10-03T11:04:25.327316Z 0 [ERROR] 
2024-10-03T11:04:25.348340Z 0 [ERROR] Incorrect definition of table performance_schema.events_statements_summary_by_account_by_event_name: expected column 'USER' at position 0 to have type char(32), found type char(16).
2024-10-03T11:04:25.360044Z 0 [ERROR] Incorrect definition of table performance_schema.events_statements_summary_by_user_by_event_name: expected column 'USER' at position 0 to have type char(32), found type char(16).
2024-10-03T11:04:25.396413Z 0 [ERROR] 
2024-10-03T11:04:25.396886Z 0 [ERROR] 
2024-10-03T11:04:25.397372Z 0 [ERROR] 
2024-10-03T11:04:25.397893Z 0 [ERROR] 
2024-10-03T11:04:25.398294Z 0 [ERROR] 
2024-10-03T11:04:25.398685Z 0 [ERROR] 
2024-10-03T11:04:25.399080Z 0 [ERROR] 
2024-10-03T11:04:25.399470Z 0 [ERROR] 
2024-10-03T11:04:25.399859Z 0 [ERROR] 
2024-10-03T11:04:25.406851Z 0 [ERROR] Incorrect definition of table performance_schema.users: expected column 'USER' at position 0 to have type char(32), found type char(16).
2024-10-03T11:04:25.415606Z 0 [ERROR] Incorrect definition of table performance_schema.accounts: expected column 'USER' at position 0 to have type char(32), found type char(16).
2024-10-03T11:04:25.498106Z 0 [ERROR] 
2024-10-03T11:04:25.498531Z 0 [ERROR] 
2024-10-03T11:04:25.498920Z 0 [ERROR] 
2024-10-03T11:04:25.499312Z 0 [ERROR] 
2024-10-03T11:04:25.499724Z 0 [ERROR] 
2024-10-03T11:04:25.500110Z 0 [ERROR] 
2024-10-03T11:04:25.500496Z 0 [ERROR] 
2024-10-03T11:04:25.500875Z 0 [ERROR] 
2024-10-03T11:04:25.501264Z 0 [ERROR] 
2024-10-03T11:04:25.501650Z 0 [ERROR] 
2024-10-03T11:04:25.502084Z 0 [ERROR] 
2024-10-03T11:04:25.502477Z 0 [ERROR] 
2024-10-03T11:04:25.502995Z 0 [ERROR] 
2024-10-03T11:04:25.503695Z 0 [ERROR] 
2024-10-03T11:04:25.504286Z 0 [ERROR] 
2024-10-03T11:04:25.504678Z 0 [ERROR] 
2024-10-03T11:04:25.505087Z 0 [ERROR] 
2024-10-03T11:04:25.505479Z 0 [ERROR] 
2024-10-03T11:04:25.505885Z 0 [ERROR] 
2024-10-03T11:04:25.506272Z 0 [ERROR] 
2024-10-03T11:04:25.506668Z 0 [ERROR] 
2024-10-03T11:04:25.507068Z 0 [ERROR] 
2024-10-03T11:04:25.507451Z 0 [ERROR] 
2024-10-03T11:04:25.507831Z 0 [ERROR] 
2024-10-03T11:04:25.508211Z 0 [ERROR] 
2024-10-03T11:04:25.508591Z 0 [ERROR] 
2024-10-03T11:04:25.509068Z 0 [ERROR] Incorrect definition of table mysql.db: expected column 'User' at position 2 to have type char(32), found type char(16).
2024-10-03T11:04:25.510214Z 0 [ERROR] mysql.user has no `Event_priv` column at position 28
2024-10-03T11:04:25.532097Z 0 [ERROR] Event Scheduler: An error occurred when initializing system tables. Disabling the Event Scheduler.
2024-10-03T11:04:25.533300Z 0 [Note] 
2024-10-03T11:04:34.665394Z 2 [ERROR] InnoDB: Table `mysql`.`innodb_table_stats` not found.
2024-10-03T11:04:34.665986Z 2 [ERROR] InnoDB: Fetch of persistent statistics requested for table `synchroclub`.`users` but the required system tables mysql.innodb_table_stats and mysql.innodb_index_stats are not present or have unexpected structure. Using transient stats instead.
2024-10-03T11:20:20.106434Z 8 [ERROR] InnoDB: Table `mysql`.`innodb_table_stats` not found.
2024-10-03T11:20:20.107018Z 8 [ERROR] InnoDB: Fetch of persistent statistics requested for table `synchroclub`.`classes` but the required system tables mysql.innodb_table_stats and mysql.innodb_index_stats are not present or have unexpected structure. Using transient stats instead.
2024-10-03T11:22:09.247165Z 40 [ERROR] InnoDB: Table `mysql`.`innodb_table_stats` not found.
2024-10-03T11:22:09.247750Z 40 [ERROR] InnoDB: Fetch of persistent statistics requested for table `synchroclub`.`users` but the required system tables mysql.innodb_table_stats and mysql.innodb_index_stats are not present or have unexpected structure. Using transient stats instead.
2024-10-03T11:22:14.722108Z 64 [ERROR] InnoDB: Table `mysql`.`innodb_table_stats` not found.
2024-10-03T11:22:14.722712Z 64 [ERROR] InnoDB: Fetch of persistent statistics requested for table `synchroclub`.`users` but the required system tables mysql.innodb_table_stats and mysql.innodb_index_stats are not present or have unexpected structure. Using transient stats instead.
2024-10-03T12:08:21.435533Z 163 [ERROR] InnoDB: Table `mysql`.`innodb_table_stats` not found.
2024-10-03T12:08:21.436457Z 163 [ERROR] InnoDB: Table `mysql`.`innodb_table_stats` not found.
2024-10-03T12:08:21.437045Z 163 [ERROR] InnoDB: Fetch of persistent statistics requested for table `synchroclub`.`#sql-30b0_a3` but the required system tables mysql.innodb_table_stats and mysql.innodb_index_stats are not present or have unexpected structure. Using transient stats instead.
2024-10-03T12:08:21.443989Z 163 [ERROR] InnoDB: Table `mysql`.`innodb_table_stats` not found.
2024-10-03T12:08:21.444578Z 163 [ERROR] InnoDB: Table `mysql`.`innodb_table_stats` not found.
2024-10-03T12:08:21.448689Z 163 [ERROR] InnoDB: Table `mysql`.`innodb_table_stats` not found.
2024-10-03T12:08:21.449297Z 163 [ERROR] InnoDB: Table `mysql`.`innodb_table_stats` not found.
2024-10-03T12:08:21.450718Z 163 [ERROR] InnoDB: Table `mysql`.`innodb_table_stats` not found.
2024-10-03T12:08:21.469244Z 163 [ERROR] InnoDB: Table `mysql`.`innodb_table_stats` not found.
2024-10-03T12:08:21.469814Z 163 [ERROR] InnoDB: Fetch of persistent statistics requested for table `synchroclub`.`users` but the required system tables mysql.innodb_table_stats and mysql.innodb_index_stats are not present or have unexpected structure. Using transient stats instead.
2024-10-03T12:08:31.449168Z 0 [ERROR] InnoDB: Table `mysql`.`innodb_table_stats` not found.
2024-10-03T12:08:31.451943Z 0 [Warning] InnoDB: Recalculation of persistent statistics requested for table `synchroclub`.`users` but the required persistent statistics storage is not present or is corrupted. Using transient stats instead.
2024-10-03T12:12:16.420003Z 0 [ERROR] InnoDB: Table `mysql`.`innodb_table_stats` not found.
2024-10-03T12:12:16.420693Z 0 [Warning] InnoDB: Recalculation of persistent statistics requested for table `synchroclub`.`users` but the required persistent statistics storage is not present or is corrupted. Using transient stats instead.
2024-10-03T13:00:07.702175Z 211 [ERROR] InnoDB: Table `mysql`.`innodb_table_stats` not found.
2024-10-03T13:00:07.702795Z 211 [ERROR] InnoDB: Fetch of persistent statistics requested for table `synchroclub`.`users` but the required system tables mysql.innodb_table_stats and mysql.innodb_index_stats are not present or have unexpected structure. Using transient stats instead.
2024-10-03T15:17:07.412814Z 0 [Warning] TIMESTAMP with implicit DEFAULT value is deprecated. Please use --explicit_defaults_for_timestamp server option (see documentation for more details).
2024-10-03T15:17:07.412934Z 0 [Note] --secure-file-priv is set to NULL. Operations related to importing and exporting data are disabled
2024-10-03T15:17:07.413742Z 0 [ERROR] Cannot open Windows EventLog; check privileges, or start server with --log_syslog=0
2024-10-03T15:17:07.413777Z 0 [Note] C:\Users\iliat\Downloads\usbwebserver/mysql/bin/mysqld_usbwv8.exe (mysqld 5.7.36) starting as process 10688 ...
2024-10-03T15:17:07.421730Z 0 [ERROR] Error message file 'C:\Users\iliat\Downloads\usbwebserver\mysql\share\english\errmsg.sys' had only 886 error messages,
                    but it should contain at least 1123 error messages.
                    Check that the above file is the right version for                     this program!
2024-10-03T15:17:07.451858Z 0 [Note] InnoDB: Mutexes and rw_locks use Windows interlocked functions
2024-10-03T15:17:07.452505Z 0 [Note] InnoDB: Uses event mutexes
2024-10-03T15:17:07.452909Z 0 [Note] InnoDB: Memory barrier is not used
2024-10-03T15:17:07.453361Z 0 [Note] InnoDB: Compressed tables use zlib 1.2.11
2024-10-03T15:17:07.454263Z 0 [Note] InnoDB: Number of pools: 1
2024-10-03T15:17:07.454813Z 0 [Note] InnoDB: Not using CPU crc32 instructions
2024-10-03T15:17:07.458190Z 0 [Note] InnoDB: Initializing buffer pool, total size = 128M, instances = 1, chunk size = 128M
2024-10-03T15:17:07.465465Z 0 [Note] InnoDB: Completed initialization of buffer pool
2024-10-03T15:17:07.518846Z 0 [Note] InnoDB: Highest supported file format is Barracuda.
2024-10-03T15:17:07.522223Z 0 [Note] InnoDB: Log scan progressed past the checkpoint lsn 1457930
2024-10-03T15:17:07.522978Z 0 [Note] InnoDB: Doing recovery: scanned up to log sequence number 1457939
2024-10-03T15:17:07.523861Z 0 [Note] InnoDB: Database was not shutdown normally!
2024-10-03T15:17:07.524518Z 0 [Note] InnoDB: Starting crash recovery.
2024-10-03T15:17:07.794921Z 0 [Note] InnoDB: Removed temporary tablespace data file: "ibtmp1"
2024-10-03T15:17:07.795653Z 0 [Note] InnoDB: Creating shared tablespace for temporary tables
2024-10-03T15:17:07.796906Z 0 [Note] InnoDB: Setting file 'C:\Users\iliat\Downloads\usbwebserver\mysql\data\ibtmp1' size to 12 MB. Physically writing the file full; Please wait ...
2024-10-03T15:17:07.858014Z 0 [Note] InnoDB: File 'C:\Users\iliat\Downloads\usbwebserver\mysql\data\ibtmp1' size is now 12 MB.
2024-10-03T15:17:07.872572Z 0 [Note] InnoDB: 96 redo rollback segment(s) found. 96 redo rollback segment(s) are active.
2024-10-03T15:17:07.873748Z 0 [Note] InnoDB: 32 non-redo rollback segment(s) are active.
2024-10-03T15:17:07.875070Z 0 [Note] InnoDB: Waiting for purge to start
2024-10-03T15:17:07.933967Z 0 [Note] InnoDB: 5.7.36 started; log sequence number 1457939
2024-10-03T15:17:07.934949Z 0 [Note] Plugin 'FEDERATED' is disabled.
2024-10-03T15:17:07.935052Z 0 [Note] InnoDB: Loading buffer pool(s) from C:\Users\iliat\Downloads\usbwebserver\mysql\data\ib_buffer_pool
2024-10-03T15:17:07.936395Z 0 [ERROR] InnoDB: Cannot open 'C:\Users\iliat\Downloads\usbwebserver\mysql\data\ib_buffer_pool' for reading: No such file or directory
2024-10-03T15:17:07.951410Z 0 [Warning] System table 'plugin' is expected to be transactional.
2024-10-03T15:17:07.961179Z 0 [Warning] Gtid table is not ready to be used. Table 'mysql.gtid_executed' cannot be opened.
2024-10-03T15:17:07.965013Z 0 [Note] Found ca.pem, server-cert.pem and server-key.pem in data directory. Trying to enable SSL support using them.
2024-10-03T15:17:07.965940Z 0 [Note] Skipping generation of SSL certificates as certificate files are present in data directory.
2024-10-03T15:17:07.966739Z 0 [Warning] 
2024-10-03T15:17:07.967001Z 0 [Warning] 
2024-10-03T15:17:07.990094Z 0 [Warning] CA certificate ca.pem is self signed.
2024-10-03T15:17:07.991103Z 0 [Note] Skipping generation of RSA key pair as key files are present in data directory.
2024-10-03T15:17:08.005868Z 0 [Note] Server hostname (bind-address): '*'; port: 3306
2024-10-03T15:17:08.006759Z 0 [Note] IPv6 is available.
2024-10-03T15:17:08.007858Z 0 [Note]   - '::' resolves to '::';
2024-10-03T15:17:08.008360Z 0 [Note] Server socket created on IP: '::'.
2024-10-03T15:17:08.009726Z 0 [Warning] Failed to open optimizer cost constant tables

2024-10-03T15:17:08.141075Z 0 [Warning] System table 'time_zone_leap_second' is expected to be transactional.
2024-10-03T15:17:08.141787Z 0 [Warning] System table 'time_zone_name' is expected to be transactional.
2024-10-03T15:17:08.142425Z 0 [Warning] System table 'time_zone' is expected to be transactional.
2024-10-03T15:17:08.143034Z 0 [Warning] System table 'time_zone_transition_type' is expected to be transactional.
2024-10-03T15:17:08.143747Z 0 [Warning] System table 'time_zone_transition' is expected to be transactional.
2024-10-03T15:17:08.217981Z 0 [Warning] System table 'servers' is expected to be transactional.
2024-10-03T15:17:08.248024Z 0 [Warning] InnoDB: Cannot open table mysql/slave_master_info from the internal data dictionary of InnoDB though the .frm file for the table exists. Please refer to http://dev.mysql.com/doc/refman/5.7/en/innodb-troubleshooting.html for how to resolve the issue.
2024-10-03T15:17:08.261752Z 0 [Warning] InnoDB: Cannot open table mysql/slave_relay_log_info from the internal data dictionary of InnoDB though the .frm file for the table exists. Please refer to http://dev.mysql.com/doc/refman/5.7/en/innodb-troubleshooting.html for how to resolve the issue.
2024-10-03T15:17:08.264337Z 0 [Warning] InnoDB: Cannot open table mysql/slave_master_info from the internal data dictionary of InnoDB though the .frm file for the table exists. Please refer to http://dev.mysql.com/doc/refman/5.7/en/innodb-troubleshooting.html for how to resolve the issue.
2024-10-03T15:17:08.267123Z 0 [Warning] Info table is not ready to be used. Table 'mysql.slave_master_info' cannot be opened.
2024-10-03T15:17:08.285719Z 0 [Warning] InnoDB: Cannot open table mysql/slave_worker_info from the internal data dictionary of InnoDB though the .frm file for the table exists. Please refer to http://dev.mysql.com/doc/refman/5.7/en/innodb-troubleshooting.html for how to resolve the issue.
2024-10-03T15:17:08.288902Z 0 [Warning] InnoDB: Cannot open table mysql/slave_relay_log_info from the internal data dictionary of InnoDB though the .frm file for the table exists. Please refer to http://dev.mysql.com/doc/refman/5.7/en/innodb-troubleshooting.html for how to resolve the issue.
2024-10-03T15:17:08.291870Z 0 [Warning] Info table is not ready to be used. Table 'mysql.slave_relay_log_info' cannot be opened.
2024-10-03T15:17:08.293506Z 0 [Note] Failed to start slave threads for channel ''
2024-10-03T15:17:08.318951Z 0 [ERROR] Incorrect definition of table performance_schema.events_waits_current: expected column 'NESTING_EVENT_TYPE' at position 15 to have type enum('TRANSACTION','STATEMENT','STAGE','WAIT', found type enum('STATEMENT','STAGE','WAIT').
2024-10-03T15:17:08.337349Z 0 [ERROR] Incorrect definition of table performance_schema.events_waits_history: expected column 'NESTING_EVENT_TYPE' at position 15 to have type enum('TRANSACTION','STATEMENT','STAGE','WAIT', found type enum('STATEMENT','STAGE','WAIT').
2024-10-03T15:17:08.356667Z 0 [ERROR] Incorrect definition of table performance_schema.events_waits_history_long: expected column 'NESTING_EVENT_TYPE' at position 15 to have type enum('TRANSACTION','STATEMENT','STAGE','WAIT', found type enum('STATEMENT','STAGE','WAIT').
2024-10-03T15:17:08.424117Z 0 [ERROR] Incorrect definition of table performance_schema.events_waits_summary_by_user_by_event_name: expected column 'USER' at position 0 to have type char(32), found type char(16).
2024-10-03T15:17:08.444271Z 0 [ERROR] Incorrect definition of table performance_schema.events_waits_summary_by_account_by_event_name: expected column 'USER' at position 0 to have type char(32), found type char(16).
2024-10-03T15:17:08.571486Z 0 [ERROR] 
2024-10-03T15:17:08.603687Z 0 [ERROR] Incorrect definition of table performance_schema.setup_objects: expected column 'OBJECT_TYPE' at position 0 to have type enum('EVENT','FUNCTION','PROCEDURE','TABLE','TRIGGER', found type enum('TABLE').
2024-10-03T15:17:08.647300Z 0 [ERROR] 
2024-10-03T15:17:08.656053Z 0 [ERROR] 
2024-10-03T15:17:08.665601Z 0 [ERROR] 
2024-10-03T15:17:08.681256Z 0 [ERROR] 
2024-10-03T15:17:08.691298Z 0 [ERROR] 
2024-10-03T15:17:08.710269Z 0 [ERROR] Incorrect definition of table performance_schema.events_stages_summary_by_account_by_event_name: expected column 'USER' at position 0 to have type char(32), found type char(16).
2024-10-03T15:17:08.720715Z 0 [ERROR] Incorrect definition of table performance_schema.events_stages_summary_by_user_by_event_name: expected column 'USER' at position 0 to have type char(32), found type char(16).
2024-10-03T15:17:08.750039Z 0 [ERROR] 
2024-10-03T15:17:08.759312Z 0 [ERROR] 
2024-10-03T15:17:08.769855Z 0 [ERROR] 
2024-10-03T15:17:08.791509Z 0 [ERROR] Incorrect definition of table performance_schema.events_statements_summary_by_account_by_event_name: expected column 'USER' at position 0 to have type char(32), found type char(16).
2024-10-03T15:17:08.802391Z 0 [ERROR] Incorrect definition of table performance_schema.events_statements_summary_by_user_by_event_name: expected column 'USER' at position 0 to have type char(32), found type char(16).
2024-10-03T15:17:08.836424Z 0 [ERROR] 
2024-10-03T15:17:08.836793Z 0 [ERROR] 
2024-10-03T15:17:08.837158Z 0 [ERROR] 
2024-10-03T15:17:08.837515Z 0 [ERROR] 
2024-10-03T15:17:08.837858Z 0 [ERROR] 
2024-10-03T15:17:08.838241Z 0 [ERROR] 
2024-10-03T15:17:08.838592Z 0 [ERROR] 
2024-10-03T15:17:08.838932Z 0 [ERROR] 
2024-10-03T15:17:08.839309Z 0 [ERROR] 
2024-10-03T15:17:08.847245Z 0 [ERROR] Incorrect definition of table performance_schema.users: expected column 'USER' at position 0 to have type char(32), found type char(16).
2024-10-03T15:17:08.856069Z 0 [ERROR] Incorrect definition of table performance_schema.accounts: expected column 'USER' at position 0 to have type char(32), found type char(16).
2024-10-03T15:17:08.922288Z 0 [ERROR] 
2024-10-03T15:17:08.922638Z 0 [ERROR] 
2024-10-03T15:17:08.922975Z 0 [ERROR] 
2024-10-03T15:17:08.923309Z 0 [ERROR] 
2024-10-03T15:17:08.923648Z 0 [ERROR] 
2024-10-03T15:17:08.924000Z 0 [ERROR] 
2024-10-03T15:17:08.924330Z 0 [ERROR] 
2024-10-03T15:17:08.924662Z 0 [ERROR] 
2024-10-03T15:17:08.924990Z 0 [ERROR] 
2024-10-03T15:17:08.925323Z 0 [ERROR] 
2024-10-03T15:17:08.925659Z 0 [ERROR] 
2024-10-03T15:17:08.925986Z 0 [ERROR] 
2024-10-03T15:17:08.926316Z 0 [ERROR] 
2024-10-03T15:17:08.926649Z 0 [ERROR] 
2024-10-03T15:17:08.926978Z 0 [ERROR] 
2024-10-03T15:17:08.927306Z 0 [ERROR] 
2024-10-03T15:17:08.927638Z 0 [ERROR] 
2024-10-03T15:17:08.927966Z 0 [ERROR] 
2024-10-03T15:17:08.928294Z 0 [ERROR] 
2024-10-03T15:17:08.928622Z 0 [ERROR] 
2024-10-03T15:17:08.928964Z 0 [ERROR] 
2024-10-03T15:17:08.929449Z 0 [ERROR] 
2024-10-03T15:17:08.929899Z 0 [ERROR] 
2024-10-03T15:17:08.930237Z 0 [ERROR] 
2024-10-03T15:17:08.930570Z 0 [ERROR] 
2024-10-03T15:17:08.930902Z 0 [ERROR] 
2024-10-03T15:17:08.931332Z 0 [ERROR] Incorrect definition of table mysql.db: expected column 'User' at position 2 to have type char(32), found type char(16).
2024-10-03T15:17:08.932383Z 0 [ERROR] mysql.user has no `Event_priv` column at position 28
2024-10-03T15:17:08.946617Z 0 [ERROR] Event Scheduler: An error occurred when initializing system tables. Disabling the Event Scheduler.
2024-10-03T15:17:08.947642Z 0 [Note] 
2024-10-03T15:20:00.482499Z 2 [ERROR] InnoDB: Table `mysql`.`innodb_table_stats` not found.
2024-10-03T15:20:00.485421Z 2 [ERROR] InnoDB: Fetch of persistent statistics requested for table `synchroclub`.`users` but the required system tables mysql.innodb_table_stats and mysql.innodb_index_stats are not present or have unexpected structure. Using transient stats instead.
2024-10-03T15:33:42.008818Z 21 [ERROR] InnoDB: Table `mysql`.`innodb_table_stats` not found.
2024-10-03T15:33:42.012499Z 21 [ERROR] InnoDB: Fetch of persistent statistics requested for table `synchroclub`.`classes` but the required system tables mysql.innodb_table_stats and mysql.innodb_index_stats are not present or have unexpected structure. Using transient stats instead.
2024-10-03T18:51:32.613473Z 0 [Note] InnoDB: page_cleaner: 1000ms intended loop took 11399861ms. The settings might not be optimal. (flushed=0 and evicted=0, during the time.)
2024-10-03T18:53:58.493714Z 0 [Warning] TIMESTAMP with implicit DEFAULT value is deprecated. Please use --explicit_defaults_for_timestamp server option (see documentation for more details).
2024-10-03T18:53:58.493882Z 0 [Note] --secure-file-priv is set to NULL. Operations related to importing and exporting data are disabled
2024-10-03T18:53:58.495459Z 0 [ERROR] Cannot open Windows EventLog; check privileges, or start server with --log_syslog=0
2024-10-03T18:53:58.495510Z 0 [Note] C:\Users\iliat\Downloads\usbwebserver/mysql/bin/mysqld_usbwv8.exe (mysqld 5.7.36) starting as process 5216 ...
2024-10-03T18:53:58.497094Z 0 [ERROR] Error message file 'C:\Users\iliat\Downloads\usbwebserver\mysql\share\english\errmsg.sys' had only 886 error messages,
                    but it should contain at least 1123 error messages.
                    Check that the above file is the right version for                     this program!
2024-10-03T18:53:58.541655Z 0 [Note] InnoDB: Mutexes and rw_locks use Windows interlocked functions
2024-10-03T18:53:58.543316Z 0 [Note] InnoDB: Uses event mutexes
2024-10-03T18:53:58.544364Z 0 [Note] InnoDB: Memory barrier is not used
2024-10-03T18:53:58.545557Z 0 [Note] InnoDB: Compressed tables use zlib 1.2.11
2024-10-03T18:53:58.547575Z 0 [Note] InnoDB: Number of pools: 1
2024-10-03T18:53:58.548872Z 0 [Note] InnoDB: Not using CPU crc32 instructions
2024-10-03T18:53:58.556023Z 0 [Note] InnoDB: Initializing buffer pool, total size = 128M, instances = 1, chunk size = 128M
2024-10-03T18:53:58.570116Z 0 [Note] InnoDB: Completed initialization of buffer pool
2024-10-03T18:53:58.686255Z 0 [Note] InnoDB: Highest supported file format is Barracuda.
2024-10-03T18:53:58.689389Z 0 [Note] InnoDB: Log scan progressed past the checkpoint lsn 1458285
2024-10-03T18:53:58.690033Z 0 [Note] InnoDB: Doing recovery: scanned up to log sequence number 1458294
2024-10-03T18:53:58.690706Z 0 [Note] InnoDB: Database was not shutdown normally!
2024-10-03T18:53:58.691234Z 0 [Note] InnoDB: Starting crash recovery.
2024-10-03T18:53:58.901159Z 0 [Note] InnoDB: Removed temporary tablespace data file: "ibtmp1"
2024-10-03T18:53:58.901878Z 0 [Note] InnoDB: Creating shared tablespace for temporary tables
2024-10-03T18:53:58.902979Z 0 [Note] InnoDB: Setting file 'C:\Users\iliat\Downloads\usbwebserver\mysql\data\ibtmp1' size to 12 MB. Physically writing the file full; Please wait ...
2024-10-03T18:53:58.950372Z 0 [Note] InnoDB: File 'C:\Users\iliat\Downloads\usbwebserver\mysql\data\ibtmp1' size is now 12 MB.
2024-10-03T18:53:58.963011Z 0 [Note] InnoDB: 96 redo rollback segment(s) found. 96 redo rollback segment(s) are active.
2024-10-03T18:53:58.963926Z 0 [Note] InnoDB: 32 non-redo rollback segment(s) are active.
2024-10-03T18:53:58.964962Z 0 [Note] InnoDB: Waiting for purge to start
2024-10-03T18:53:59.037385Z 0 [Note] InnoDB: 5.7.36 started; log sequence number 1458294
2024-10-03T18:53:59.038543Z 0 [Note] Plugin 'FEDERATED' is disabled.
2024-10-03T18:53:59.038754Z 0 [Note] InnoDB: Loading buffer pool(s) from C:\Users\iliat\Downloads\usbwebserver\mysql\data\ib_buffer_pool
2024-10-03T18:53:59.040971Z 0 [ERROR] InnoDB: Cannot open 'C:\Users\iliat\Downloads\usbwebserver\mysql\data\ib_buffer_pool' for reading: No such file or directory
2024-10-03T18:53:59.042608Z 0 [Warning] System table 'plugin' is expected to be transactional.
2024-10-03T18:53:59.044370Z 0 [Warning] Gtid table is not ready to be used. Table 'mysql.gtid_executed' cannot be opened.
2024-10-03T18:53:59.046802Z 0 [Note] Found ca.pem, server-cert.pem and server-key.pem in data directory. Trying to enable SSL support using them.
2024-10-03T18:53:59.047814Z 0 [Note] Skipping generation of SSL certificates as certificate files are present in data directory.
2024-10-03T18:53:59.048703Z 0 [Warning] 
2024-10-03T18:53:59.048991Z 0 [Warning] 
2024-10-03T18:53:59.050654Z 0 [Warning] CA certificate ca.pem is self signed.
2024-10-03T18:53:59.051329Z 0 [Note] Skipping generation of RSA key pair as key files are present in data directory.
2024-10-03T18:53:59.052388Z 0 [Note] Server hostname (bind-address): '*'; port: 3306
2024-10-03T18:53:59.053239Z 0 [Note] IPv6 is available.
2024-10-03T18:53:59.053634Z 0 [Note]   - '::' resolves to '::';
2024-10-03T18:53:59.054129Z 0 [Note] Server socket created on IP: '::'.
2024-10-03T18:53:59.055215Z 0 [Warning] Failed to open optimizer cost constant tables

2024-10-03T18:53:59.072568Z 0 [Warning] System table 'time_zone_leap_second' is expected to be transactional.
2024-10-03T18:53:59.073384Z 0 [Warning] System table 'time_zone_name' is expected to be transactional.
2024-10-03T18:53:59.074095Z 0 [Warning] System table 'time_zone' is expected to be transactional.
2024-10-03T18:53:59.074766Z 0 [Warning] System table 'time_zone_transition_type' is expected to be transactional.
2024-10-03T18:53:59.075545Z 0 [Warning] System table 'time_zone_transition' is expected to be transactional.
2024-10-03T18:53:59.078327Z 0 [Warning] System table 'servers' is expected to be transactional.
2024-10-03T18:53:59.079904Z 0 [Warning] InnoDB: Cannot open table mysql/slave_master_info from the internal data dictionary of InnoDB though the .frm file for the table exists. Please refer to http://dev.mysql.com/doc/refman/5.7/en/innodb-troubleshooting.html for how to resolve the issue.
2024-10-03T18:53:59.082193Z 0 [Warning] InnoDB: Cannot open table mysql/slave_relay_log_info from the internal data dictionary of InnoDB though the .frm file for the table exists. Please refer to http://dev.mysql.com/doc/refman/5.7/en/innodb-troubleshooting.html for how to resolve the issue.
2024-10-03T18:53:59.084399Z 0 [Warning] InnoDB: Cannot open table mysql/slave_master_info from the internal data dictionary of InnoDB though the .frm file for the table exists. Please refer to http://dev.mysql.com/doc/refman/5.7/en/innodb-troubleshooting.html for how to resolve the issue.
2024-10-03T18:53:59.086416Z 0 [Warning] Info table is not ready to be used. Table 'mysql.slave_master_info' cannot be opened.
2024-10-03T18:53:59.087526Z 0 [Warning] InnoDB: Cannot open table mysql/slave_worker_info from the internal data dictionary of InnoDB though the .frm file for the table exists. Please refer to http://dev.mysql.com/doc/refman/5.7/en/innodb-troubleshooting.html for how to resolve the issue.
2024-10-03T18:53:59.090002Z 0 [Warning] InnoDB: Cannot open table mysql/slave_relay_log_info from the internal data dictionary of InnoDB though the .frm file for the table exists. Please refer to http://dev.mysql.com/doc/refman/5.7/en/innodb-troubleshooting.html for how to resolve the issue.
2024-10-03T18:53:59.092064Z 0 [Warning] Info table is not ready to be used. Table 'mysql.slave_relay_log_info' cannot be opened.
2024-10-03T18:53:59.093019Z 0 [Note] Failed to start slave threads for channel ''
2024-10-03T18:53:59.094056Z 0 [ERROR] Incorrect definition of table performance_schema.events_waits_current: expected column 'NESTING_EVENT_TYPE' at position 15 to have type enum('TRANSACTION','STATEMENT','STAGE','WAIT', found type enum('STATEMENT','STAGE','WAIT').
2024-10-03T18:53:59.096071Z 0 [ERROR] Incorrect definition of table performance_schema.events_waits_history: expected column 'NESTING_EVENT_TYPE' at position 15 to have type enum('TRANSACTION','STATEMENT','STAGE','WAIT', found type enum('STATEMENT','STAGE','WAIT').
2024-10-03T18:53:59.098075Z 0 [ERROR] Incorrect definition of table performance_schema.events_waits_history_long: expected column 'NESTING_EVENT_TYPE' at position 15 to have type enum('TRANSACTION','STATEMENT','STAGE','WAIT', found type enum('STATEMENT','STAGE','WAIT').
2024-10-03T18:53:59.100684Z 0 [ERROR] Incorrect definition of table performance_schema.events_waits_summary_by_user_by_event_name: expected column 'USER' at position 0 to have type char(32), found type char(16).
2024-10-03T18:53:59.102279Z 0 [ERROR] Incorrect definition of table performance_schema.events_waits_summary_by_account_by_event_name: expected column 'USER' at position 0 to have type char(32), found type char(16).
2024-10-03T18:53:59.105492Z 0 [ERROR] 
2024-10-03T18:53:59.106356Z 0 [ERROR] Incorrect definition of table performance_schema.setup_objects: expected column 'OBJECT_TYPE' at position 0 to have type enum('EVENT','FUNCTION','PROCEDURE','TABLE','TRIGGER', found type enum('TABLE').
2024-10-03T18:53:59.108795Z 0 [ERROR] 
2024-10-03T18:53:59.109249Z 0 [ERROR] 
2024-10-03T18:53:59.109682Z 0 [ERROR] 
2024-10-03T18:53:59.110109Z 0 [ERROR] 
2024-10-03T18:53:59.110544Z 0 [ERROR] 
2024-10-03T18:53:59.111177Z 0 [ERROR] Incorrect definition of table performance_schema.events_stages_summary_by_account_by_event_name: expected column 'USER' at position 0 to have type char(32), found type char(16).
2024-10-03T18:53:59.112882Z 0 [ERROR] Incorrect definition of table performance_schema.events_stages_summary_by_user_by_event_name: expected column 'USER' at position 0 to have type char(32), found type char(16).
2024-10-03T18:53:59.114859Z 0 [ERROR] 
2024-10-03T18:53:59.115329Z 0 [ERROR] 
2024-10-03T18:53:59.115795Z 0 [ERROR] 
2024-10-03T18:53:59.116427Z 0 [ERROR] Incorrect definition of table performance_schema.events_statements_summary_by_account_by_event_name: expected column 'USER' at position 0 to have type char(32), found type char(16).
2024-10-03T18:53:59.118102Z 0 [ERROR] Incorrect definition of table performance_schema.events_statements_summary_by_user_by_event_name: expected column 'USER' at position 0 to have type char(32), found type char(16).
2024-10-03T18:53:59.120657Z 0 [ERROR] 
2024-10-03T18:53:59.121038Z 0 [ERROR] 
2024-10-03T18:53:59.121401Z 0 [ERROR] 
2024-10-03T18:53:59.121765Z 0 [ERROR] 
2024-10-03T18:53:59.122129Z 0 [ERROR] 
2024-10-03T18:53:59.122489Z 0 [ERROR] 
2024-10-03T18:53:59.122869Z 0 [ERROR] 
2024-10-03T18:53:59.123267Z 0 [ERROR] 
2024-10-03T18:53:59.123677Z 0 [ERROR] 
2024-10-03T18:53:59.124198Z 0 [ERROR] Incorrect definition of table performance_schema.users: expected column 'USER' at position 0 to have type char(32), found type char(16).
2024-10-03T18:53:59.125579Z 0 [ERROR] Incorrect definition of table performance_schema.accounts: expected column 'USER' at position 0 to have type char(32), found type char(16).
2024-10-03T18:53:59.128067Z 0 [ERROR] 
2024-10-03T18:53:59.128447Z 0 [ERROR] 
2024-10-03T18:53:59.128817Z 0 [ERROR] 
2024-10-03T18:53:59.129184Z 0 [ERROR] 
2024-10-03T18:53:59.129559Z 0 [ERROR] 
2024-10-03T18:53:59.129931Z 0 [ERROR] 
2024-10-03T18:53:59.130298Z 0 [ERROR] 
2024-10-03T18:53:59.130663Z 0 [ERROR] 
2024-10-03T18:53:59.131036Z 0 [ERROR] 
2024-10-03T18:53:59.131401Z 0 [ERROR] 
2024-10-03T18:53:59.131767Z 0 [ERROR] 
2024-10-03T18:53:59.132134Z 0 [ERROR] 
2024-10-03T18:53:59.132516Z 0 [ERROR] 
2024-10-03T18:53:59.132987Z 0 [ERROR] 
2024-10-03T18:53:59.133361Z 0 [ERROR] 
2024-10-03T18:53:59.133730Z 0 [ERROR] 
2024-10-03T18:53:59.134102Z 0 [ERROR] 
2024-10-03T18:53:59.134469Z 0 [ERROR] 
2024-10-03T18:53:59.134849Z 0 [ERROR] 
2024-10-03T18:53:59.135214Z 0 [ERROR] 
2024-10-03T18:53:59.135588Z 0 [ERROR] 
2024-10-03T18:53:59.135967Z 0 [ERROR] 
2024-10-03T18:53:59.136331Z 0 [ERROR] 
2024-10-03T18:53:59.136698Z 0 [ERROR] 
2024-10-03T18:53:59.137062Z 0 [ERROR] 
2024-10-03T18:53:59.137425Z 0 [ERROR] 
2024-10-03T18:53:59.137921Z 0 [ERROR] Incorrect definition of table mysql.db: expected column 'User' at position 2 to have type char(32), found type char(16).
2024-10-03T18:53:59.139080Z 0 [ERROR] mysql.user has no `Event_priv` column at position 28
2024-10-03T18:53:59.140444Z 0 [ERROR] Event Scheduler: An error occurred when initializing system tables. Disabling the Event Scheduler.
2024-10-03T18:53:59.141580Z 0 [Note] 
2024-10-03T18:55:59.213117Z 2 [ERROR] InnoDB: Table `mysql`.`innodb_table_stats` not found.
2024-10-03T18:55:59.215554Z 2 [ERROR] InnoDB: Fetch of persistent statistics requested for table `synchroclub`.`users` but the required system tables mysql.innodb_table_stats and mysql.innodb_index_stats are not present or have unexpected structure. Using transient stats instead.
2024-10-03T18:56:42.449289Z 21 [ERROR] InnoDB: Table `mysql`.`innodb_table_stats` not found.
2024-10-03T18:56:42.452829Z 21 [ERROR] InnoDB: Table `mysql`.`innodb_table_stats` not found.
2024-10-03T18:56:42.455596Z 21 [ERROR] InnoDB: Fetch of persistent statistics requested for table `synchroclub`.`#sql-1460_15` but the required system tables mysql.innodb_table_stats and mysql.innodb_index_stats are not present or have unexpected structure. Using transient stats instead.
2024-10-03T18:56:42.479684Z 21 [ERROR] InnoDB: Table `mysql`.`innodb_table_stats` not found.
2024-10-03T18:56:42.482294Z 21 [ERROR] InnoDB: Table `mysql`.`innodb_table_stats` not found.
2024-10-03T18:56:42.494560Z 21 [ERROR] InnoDB: Table `mysql`.`innodb_table_stats` not found.
2024-10-03T18:56:42.497559Z 21 [ERROR] InnoDB: Table `mysql`.`innodb_table_stats` not found.
2024-10-03T18:56:42.505441Z 21 [ERROR] InnoDB: Table `mysql`.`innodb_table_stats` not found.
2024-10-03T18:56:42.543576Z 21 [ERROR] InnoDB: Table `mysql`.`innodb_table_stats` not found.
2024-10-03T18:56:42.546370Z 21 [ERROR] InnoDB: Fetch of persistent statistics requested for table `synchroclub`.`users` but the required system tables mysql.innodb_table_stats and mysql.innodb_index_stats are not present or have unexpected structure. Using transient stats instead.
2024-10-03T18:56:52.480122Z 0 [ERROR] InnoDB: Table `mysql`.`innodb_table_stats` not found.
2024-10-03T18:56:52.482590Z 0 [Warning] InnoDB: Recalculation of persistent statistics requested for table `synchroclub`.`users` but the required persistent statistics storage is not present or is corrupted. Using transient stats instead.
2024-10-03T19:07:06.606585Z 51 [ERROR] InnoDB: Table `mysql`.`innodb_table_stats` not found.
2024-10-03T19:07:06.608995Z 51 [ERROR] InnoDB: Fetch of persistent statistics requested for table `synchroclub`.`classes` but the required system tables mysql.innodb_table_stats and mysql.innodb_index_stats are not present or have unexpected structure. Using transient stats instead.
2024-10-03T19:07:23.159594Z 0 [ERROR] InnoDB: Table `mysql`.`innodb_table_stats` not found.
2024-10-03T19:07:23.162303Z 0 [Warning] InnoDB: Recalculation of persistent statistics requested for table `synchroclub`.`users` but the required persistent statistics storage is not present or is corrupted. Using transient stats instead.
2024-10-03T19:07:37.801889Z 0 [ERROR] InnoDB: Table `mysql`.`innodb_table_stats` not found.
2024-10-03T19:07:37.803634Z 0 [Warning] InnoDB: Recalculation of persistent statistics requested for table `synchroclub`.`users` but the required persistent statistics storage is not present or is corrupted. Using transient stats instead.
2024-10-04T14:03:54.865997Z 0 [Warning] TIMESTAMP with implicit DEFAULT value is deprecated. Please use --explicit_defaults_for_timestamp server option (see documentation for more details).
2024-10-04T14:03:54.866152Z 0 [Note] --secure-file-priv is set to NULL. Operations related to importing and exporting data are disabled
2024-10-04T14:03:54.867658Z 0 [ERROR] Cannot open Windows EventLog; check privileges, or start server with --log_syslog=0
2024-10-04T14:03:54.867696Z 0 [Note] C:\Users\iliat\Downloads\usbwebserver/mysql/bin/mysqld_usbwv8.exe (mysqld 5.7.36) starting as process 2052 ...
2024-10-04T14:03:54.879531Z 0 [ERROR] Error message file 'C:\Users\iliat\Downloads\usbwebserver\mysql\share\english\errmsg.sys' had only 886 error messages,
                    but it should contain at least 1123 error messages.
                    Check that the above file is the right version for                     this program!
2024-10-04T14:03:54.937885Z 0 [Note] InnoDB: Mutexes and rw_locks use Windows interlocked functions
2024-10-04T14:03:54.939101Z 0 [Note] InnoDB: Uses event mutexes
2024-10-04T14:03:54.939861Z 0 [Note] InnoDB: Memory barrier is not used
2024-10-04T14:03:54.940713Z 0 [Note] InnoDB: Compressed tables use zlib 1.2.11
2024-10-04T14:03:54.942299Z 0 [Note] InnoDB: Number of pools: 1
2024-10-04T14:03:54.943261Z 0 [Note] InnoDB: Not using CPU crc32 instructions
2024-10-04T14:03:54.948683Z 0 [Note] InnoDB: Initializing buffer pool, total size = 128M, instances = 1, chunk size = 128M
2024-10-04T14:03:54.962315Z 0 [Note] InnoDB: Completed initialization of buffer pool
2024-10-04T14:03:55.055076Z 0 [Note] InnoDB: Highest supported file format is Barracuda.
2024-10-04T14:03:55.060140Z 0 [Note] InnoDB: Log scan progressed past the checkpoint lsn 1469558
2024-10-04T14:03:55.061749Z 0 [Note] InnoDB: Doing recovery: scanned up to log sequence number 1469567
2024-10-04T14:03:55.063408Z 0 [Note] InnoDB: Database was not shutdown normally!
2024-10-04T14:03:55.064708Z 0 [Note] InnoDB: Starting crash recovery.
2024-10-04T14:03:55.385287Z 0 [Note] InnoDB: Removed temporary tablespace data file: "ibtmp1"
2024-10-04T14:03:55.387743Z 0 [Note] InnoDB: Creating shared tablespace for temporary tables
2024-10-04T14:03:55.391615Z 0 [Note] InnoDB: Setting file 'C:\Users\iliat\Downloads\usbwebserver\mysql\data\ibtmp1' size to 12 MB. Physically writing the file full; Please wait ...
2024-10-04T14:03:55.432341Z 0 [Note] InnoDB: File 'C:\Users\iliat\Downloads\usbwebserver\mysql\data\ibtmp1' size is now 12 MB.
2024-10-04T14:03:55.470933Z 0 [Note] InnoDB: 96 redo rollback segment(s) found. 96 redo rollback segment(s) are active.
2024-10-04T14:03:55.474020Z 0 [Note] InnoDB: 32 non-redo rollback segment(s) are active.
2024-10-04T14:03:55.478558Z 0 [Note] InnoDB: Waiting for purge to start
2024-10-04T14:03:55.545152Z 0 [Note] InnoDB: 5.7.36 started; log sequence number 1469567
2024-10-04T14:03:55.548817Z 0 [Note] InnoDB: Loading buffer pool(s) from C:\Users\iliat\Downloads\usbwebserver\mysql\data\ib_buffer_pool
2024-10-04T14:03:55.548838Z 0 [Note] Plugin 'FEDERATED' is disabled.
2024-10-04T14:03:55.552542Z 0 [ERROR] InnoDB: Cannot open 'C:\Users\iliat\Downloads\usbwebserver\mysql\data\ib_buffer_pool' for reading: No such file or directory
2024-10-04T14:03:55.604916Z 0 [Warning] System table 'plugin' is expected to be transactional.
2024-10-04T14:03:55.631026Z 0 [Warning] Gtid table is not ready to be used. Table 'mysql.gtid_executed' cannot be opened.
2024-10-04T14:03:55.640252Z 0 [Note] Found ca.pem, server-cert.pem and server-key.pem in data directory. Trying to enable SSL support using them.
2024-10-04T14:03:55.643970Z 0 [Note] Skipping generation of SSL certificates as certificate files are present in data directory.
2024-10-04T14:03:55.647315Z 0 [Warning] 
2024-10-04T14:03:55.648359Z 0 [Warning] 
2024-10-04T14:03:55.705746Z 0 [Warning] CA certificate ca.pem is self signed.
2024-10-04T14:03:55.707154Z 0 [Note] Skipping generation of RSA key pair as key files are present in data directory.
2024-10-04T14:03:55.732496Z 0 [Note] Server hostname (bind-address): '*'; port: 3306
2024-10-04T14:03:55.734976Z 0 [Note] IPv6 is available.
2024-10-04T14:03:55.736178Z 0 [Note]   - '::' resolves to '::';
2024-10-04T14:03:55.737353Z 0 [Note] Server socket created on IP: '::'.
2024-10-04T14:03:55.740218Z 0 [Warning] Failed to open optimizer cost constant tables

2024-10-04T14:03:56.053037Z 0 [Warning] System table 'time_zone_leap_second' is expected to be transactional.
2024-10-04T14:03:56.054861Z 0 [Warning] System table 'time_zone_name' is expected to be transactional.
2024-10-04T14:03:56.056581Z 0 [Warning] System table 'time_zone' is expected to be transactional.
2024-10-04T14:03:56.058214Z 0 [Warning] System table 'time_zone_transition_type' is expected to be transactional.
2024-10-04T14:03:56.060096Z 0 [Warning] System table 'time_zone_transition' is expected to be transactional.
2024-10-04T14:03:56.254085Z 0 [Warning] System table 'servers' is expected to be transactional.
2024-10-04T14:03:56.335254Z 0 [Warning] InnoDB: Cannot open table mysql/slave_master_info from the internal data dictionary of InnoDB though the .frm file for the table exists. Please refer to http://dev.mysql.com/doc/refman/5.7/en/innodb-troubleshooting.html for how to resolve the issue.
2024-10-04T14:03:56.371175Z 0 [Warning] InnoDB: Cannot open table mysql/slave_relay_log_info from the internal data dictionary of InnoDB though the .frm file for the table exists. Please refer to http://dev.mysql.com/doc/refman/5.7/en/innodb-troubleshooting.html for how to resolve the issue.
2024-10-04T14:03:56.379373Z 0 [Warning] InnoDB: Cannot open table mysql/slave_master_info from the internal data dictionary of InnoDB though the .frm file for the table exists. Please refer to http://dev.mysql.com/doc/refman/5.7/en/innodb-troubleshooting.html for how to resolve the issue.
2024-10-04T14:03:56.386846Z 0 [Warning] Info table is not ready to be used. Table 'mysql.slave_master_info' cannot be opened.
2024-10-04T14:03:56.451426Z 0 [Warning] InnoDB: Cannot open table mysql/slave_worker_info from the internal data dictionary of InnoDB though the .frm file for the table exists. Please refer to http://dev.mysql.com/doc/refman/5.7/en/innodb-troubleshooting.html for how to resolve the issue.
2024-10-04T14:03:56.459751Z 0 [Warning] InnoDB: Cannot open table mysql/slave_relay_log_info from the internal data dictionary of InnoDB though the .frm file for the table exists. Please refer to http://dev.mysql.com/doc/refman/5.7/en/innodb-troubleshooting.html for how to resolve the issue.
2024-10-04T14:03:56.467707Z 0 [Warning] Info table is not ready to be used. Table 'mysql.slave_relay_log_info' cannot be opened.
2024-10-04T14:03:56.471436Z 0 [Note] Failed to start slave threads for channel ''
2024-10-04T14:03:56.544283Z 0 [ERROR] Incorrect definition of table performance_schema.events_waits_current: expected column 'NESTING_EVENT_TYPE' at position 15 to have type enum('TRANSACTION','STATEMENT','STAGE','WAIT', found type enum('STATEMENT','STAGE','WAIT').
2024-10-04T14:03:56.592266Z 0 [ERROR] Incorrect definition of table performance_schema.events_waits_history: expected column 'NESTING_EVENT_TYPE' at position 15 to have type enum('TRANSACTION','STATEMENT','STAGE','WAIT', found type enum('STATEMENT','STAGE','WAIT').
2024-10-04T14:03:56.643570Z 0 [ERROR] Incorrect definition of table performance_schema.events_waits_history_long: expected column 'NESTING_EVENT_TYPE' at position 15 to have type enum('TRANSACTION','STATEMENT','STAGE','WAIT', found type enum('STATEMENT','STAGE','WAIT').
2024-10-04T14:03:56.849676Z 0 [ERROR] Incorrect definition of table performance_schema.events_waits_summary_by_user_by_event_name: expected column 'USER' at position 0 to have type char(32), found type char(16).
2024-10-04T14:03:56.902586Z 0 [ERROR] Incorrect definition of table performance_schema.events_waits_summary_by_account_by_event_name: expected column 'USER' at position 0 to have type char(32), found type char(16).
2024-10-04T14:03:57.388645Z 0 [ERROR] 
2024-10-04T14:03:57.513428Z 0 [ERROR] Incorrect definition of table performance_schema.setup_objects: expected column 'OBJECT_TYPE' at position 0 to have type enum('EVENT','FUNCTION','PROCEDURE','TABLE','TRIGGER', found type enum('TABLE').
2024-10-04T14:03:57.695589Z 0 [ERROR] 
2024-10-04T14:03:57.741222Z 0 [ERROR] 
2024-10-04T14:03:57.785349Z 0 [ERROR] 
2024-10-04T14:03:57.831544Z 0 [ERROR] 
2024-10-04T14:03:57.890774Z 0 [ERROR] 
2024-10-04T14:03:57.942018Z 0 [ERROR] Incorrect definition of table performance_schema.events_stages_summary_by_account_by_event_name: expected column 'USER' at position 0 to have type char(32), found type char(16).
2024-10-04T14:03:57.971814Z 0 [ERROR] Incorrect definition of table performance_schema.events_stages_summary_by_user_by_event_name: expected column 'USER' at position 0 to have type char(32), found type char(16).
2024-10-04T14:03:58.047575Z 0 [ERROR] 
2024-10-04T14:03:58.068819Z 0 [ERROR] 
2024-10-04T14:03:58.095895Z 0 [ERROR] 
2024-10-04T14:03:58.144489Z 0 [ERROR] Incorrect definition of table performance_schema.events_statements_summary_by_account_by_event_name: expected column 'USER' at position 0 to have type char(32), found type char(16).
2024-10-04T14:03:58.170841Z 0 [ERROR] Incorrect definition of table performance_schema.events_statements_summary_by_user_by_event_name: expected column 'USER' at position 0 to have type char(32), found type char(16).
2024-10-04T14:03:58.237663Z 0 [ERROR] 
2024-10-04T14:03:58.238395Z 0 [ERROR] 
2024-10-04T14:03:58.239056Z 0 [ERROR] 
2024-10-04T14:03:58.239735Z 0 [ERROR] 
2024-10-04T14:03:58.240405Z 0 [ERROR] 
2024-10-04T14:03:58.241067Z 0 [ERROR] 
2024-10-04T14:03:58.241735Z 0 [ERROR] 
2024-10-04T14:03:58.242405Z 0 [ERROR] 
2024-10-04T14:03:58.243044Z 0 [ERROR] 
2024-10-04T14:03:58.253811Z 0 [ERROR] Incorrect definition of table performance_schema.users: expected column 'USER' at position 0 to have type char(32), found type char(16).
2024-10-04T14:03:58.266117Z 0 [ERROR] Incorrect definition of table performance_schema.accounts: expected column 'USER' at position 0 to have type char(32), found type char(16).
2024-10-04T14:03:58.371298Z 0 [ERROR] 
2024-10-04T14:03:58.371970Z 0 [ERROR] 
2024-10-04T14:03:58.372618Z 0 [ERROR] 
2024-10-04T14:03:58.373443Z 0 [ERROR] 
2024-10-04T14:03:58.374250Z 0 [ERROR] 
2024-10-04T14:03:58.375110Z 0 [ERROR] 
2024-10-04T14:03:58.375864Z 0 [ERROR] 
2024-10-04T14:03:58.376609Z 0 [ERROR] 
2024-10-04T14:03:58.377451Z 0 [ERROR] 
2024-10-04T14:03:58.378229Z 0 [ERROR] 
2024-10-04T14:03:58.379064Z 0 [ERROR] 
2024-10-04T14:03:58.379942Z 0 [ERROR] 
2024-10-04T14:03:58.380818Z 0 [ERROR] 
2024-10-04T14:03:58.381714Z 0 [ERROR] 
2024-10-04T14:03:58.382578Z 0 [ERROR] 
2024-10-04T14:03:58.383399Z 0 [ERROR] 
2024-10-04T14:03:58.384290Z 0 [ERROR] 
2024-10-04T14:03:58.385057Z 0 [ERROR] 
2024-10-04T14:03:58.385980Z 0 [ERROR] 
2024-10-04T14:03:58.386851Z 0 [ERROR] 
2024-10-04T14:03:58.387763Z 0 [ERROR] 
2024-10-04T14:03:58.388677Z 0 [ERROR] 
2024-10-04T14:03:58.389550Z 0 [ERROR] 
2024-10-04T14:03:58.390816Z 0 [ERROR] 
2024-10-04T14:03:58.392480Z 0 [ERROR] 
2024-10-04T14:03:58.393585Z 0 [ERROR] 
2024-10-04T14:03:58.394694Z 0 [ERROR] Incorrect definition of table mysql.db: expected column 'User' at position 2 to have type char(32), found type char(16).
2024-10-04T14:03:58.397307Z 0 [ERROR] mysql.user has no `Event_priv` column at position 28
2024-10-04T14:03:58.499049Z 0 [ERROR] Event Scheduler: An error occurred when initializing system tables. Disabling the Event Scheduler.
2024-10-04T14:03:58.501261Z 0 [Note] 
2024-10-04T14:16:17.298935Z 0 [Note] InnoDB: page_cleaner: 1000ms intended loop took 92244ms. The settings might not be optimal. (flushed=0 and evicted=0, during the time.)
2024-10-04T14:30:04.223489Z 0 [Note] InnoDB: page_cleaner: 1000ms intended loop took 500326ms. The settings might not be optimal. (flushed=0 and evicted=0, during the time.)
2024-10-04T17:19:23.019313Z 2 [ERROR] InnoDB: Table `mysql`.`innodb_table_stats` not found.
2024-10-04T17:19:23.023584Z 2 [ERROR] InnoDB: Fetch of persistent statistics requested for table `synchroclub`.`users` but the required system tables mysql.innodb_table_stats and mysql.innodb_index_stats are not present or have unexpected structure. Using transient stats instead.
2024-10-04T17:20:51.331410Z 0 [ERROR] InnoDB: Table `mysql`.`innodb_table_stats` not found.
2024-10-04T17:20:51.333272Z 0 [Warning] InnoDB: Recalculation of persistent statistics requested for table `synchroclub`.`users` but the required persistent statistics storage is not present or is corrupted. Using transient stats instead.
2024-10-04T17:21:24.701770Z 21 [ERROR] InnoDB: Table `mysql`.`innodb_table_stats` not found.
2024-10-04T17:21:24.705646Z 21 [ERROR] InnoDB: Fetch of persistent statistics requested for table `synchroclub`.`classes` but the required system tables mysql.innodb_table_stats and mysql.innodb_index_stats are not present or have unexpected structure. Using transient stats instead.
2024-10-07T12:16:36.635881Z 0 [Warning] TIMESTAMP with implicit DEFAULT value is deprecated. Please use --explicit_defaults_for_timestamp server option (see documentation for more details).
2024-10-07T12:16:36.636007Z 0 [Note] --secure-file-priv is set to NULL. Operations related to importing and exporting data are disabled
2024-10-07T12:16:36.637126Z 0 [ERROR] Cannot open Windows EventLog; check privileges, or start server with --log_syslog=0
2024-10-07T12:16:36.637167Z 0 [Note] C:\Users\iliat\Downloads\usbwebserver/mysql/bin/mysqld_usbwv8.exe (mysqld 5.7.36) starting as process 13844 ...
2024-10-07T12:16:36.647854Z 0 [ERROR] Error message file 'C:\Users\iliat\Downloads\usbwebserver\mysql\share\english\errmsg.sys' had only 886 error messages,
                    but it should contain at least 1123 error messages.
                    Check that the above file is the right version for                     this program!
2024-10-07T12:16:36.701861Z 0 [Note] InnoDB: Mutexes and rw_locks use Windows interlocked functions
2024-10-07T12:16:36.703091Z 0 [Note] InnoDB: Uses event mutexes
2024-10-07T12:16:36.703851Z 0 [Note] InnoDB: Memory barrier is not used
2024-10-07T12:16:36.704706Z 0 [Note] InnoDB: Compressed tables use zlib 1.2.11
2024-10-07T12:16:36.706166Z 0 [Note] InnoDB: Number of pools: 1
2024-10-07T12:16:36.707353Z 0 [Note] InnoDB: Not using CPU crc32 instructions
2024-10-07T12:16:36.713520Z 0 [Note] InnoDB: Initializing buffer pool, total size = 128M, instances = 1, chunk size = 128M
2024-10-07T12:16:36.726649Z 0 [Note] InnoDB: Completed initialization of buffer pool
2024-10-07T12:16:36.801122Z 0 [Note] InnoDB: Highest supported file format is Barracuda.
2024-10-07T12:16:36.805638Z 0 [Note] InnoDB: Log scan progressed past the checkpoint lsn 1470201
2024-10-07T12:16:36.806859Z 0 [Note] InnoDB: Doing recovery: scanned up to log sequence number 1470210
2024-10-07T12:16:36.808208Z 0 [Note] InnoDB: Database was not shutdown normally!
2024-10-07T12:16:36.809519Z 0 [Note] InnoDB: Starting crash recovery.
2024-10-07T12:16:37.058323Z 0 [Note] InnoDB: Removed temporary tablespace data file: "ibtmp1"
2024-10-07T12:16:37.059529Z 0 [Note] InnoDB: Creating shared tablespace for temporary tables
2024-10-07T12:16:37.061391Z 0 [Note] InnoDB: Setting file 'C:\Users\iliat\Downloads\usbwebserver\mysql\data\ibtmp1' size to 12 MB. Physically writing the file full; Please wait ...
2024-10-07T12:16:37.095530Z 0 [Note] InnoDB: File 'C:\Users\iliat\Downloads\usbwebserver\mysql\data\ibtmp1' size is now 12 MB.
2024-10-07T12:16:37.120368Z 0 [Note] InnoDB: 96 redo rollback segment(s) found. 96 redo rollback segment(s) are active.
2024-10-07T12:16:37.121877Z 0 [Note] InnoDB: 32 non-redo rollback segment(s) are active.
2024-10-07T12:16:37.123716Z 0 [Note] InnoDB: Waiting for purge to start
2024-10-07T12:16:37.179863Z 0 [Note] InnoDB: 5.7.36 started; log sequence number 1470210
2024-10-07T12:16:37.182189Z 0 [Note] Plugin 'FEDERATED' is disabled.
2024-10-07T12:16:37.182303Z 0 [Note] InnoDB: Loading buffer pool(s) from C:\Users\iliat\Downloads\usbwebserver\mysql\data\ib_buffer_pool
2024-10-07T12:16:37.186540Z 0 [ERROR] InnoDB: Cannot open 'C:\Users\iliat\Downloads\usbwebserver\mysql\data\ib_buffer_pool' for reading: No such file or directory
2024-10-07T12:16:37.202876Z 0 [Warning] System table 'plugin' is expected to be transactional.
2024-10-07T12:16:37.208221Z 0 [Warning] Gtid table is not ready to be used. Table 'mysql.gtid_executed' cannot be opened.
2024-10-07T12:16:37.216462Z 0 [Note] Found ca.pem, server-cert.pem and server-key.pem in data directory. Trying to enable SSL support using them.
2024-10-07T12:16:37.219616Z 0 [Note] Skipping generation of SSL certificates as certificate files are present in data directory.
2024-10-07T12:16:37.222127Z 0 [Warning] 
2024-10-07T12:16:37.222800Z 0 [Warning] 
2024-10-07T12:16:37.260583Z 0 [Warning] CA certificate ca.pem is self signed.
2024-10-07T12:16:37.262785Z 0 [Note] Skipping generation of RSA key pair as key files are present in data directory.
2024-10-07T12:16:37.297432Z 0 [Note] Server hostname (bind-address): '*'; port: 3306
2024-10-07T12:16:37.303235Z 0 [Note] IPv6 is available.
2024-10-07T12:16:37.304597Z 0 [Note]   - '::' resolves to '::';
2024-10-07T12:16:37.306373Z 0 [Note] Server socket created on IP: '::'.
2024-10-07T12:16:37.310221Z 0 [Warning] Failed to open optimizer cost constant tables

2024-10-07T12:16:37.552357Z 0 [Warning] System table 'time_zone_leap_second' is expected to be transactional.
2024-10-07T12:16:37.553822Z 0 [Warning] System table 'time_zone_name' is expected to be transactional.
2024-10-07T12:16:37.555116Z 0 [Warning] System table 'time_zone' is expected to be transactional.
2024-10-07T12:16:37.556459Z 0 [Warning] System table 'time_zone_transition_type' is expected to be transactional.
2024-10-07T12:16:37.557870Z 0 [Warning] System table 'time_zone_transition' is expected to be transactional.
2024-10-07T12:16:37.684126Z 0 [Warning] System table 'servers' is expected to be transactional.
2024-10-07T12:16:37.727623Z 0 [Warning] InnoDB: Cannot open table mysql/slave_master_info from the internal data dictionary of InnoDB though the .frm file for the table exists. Please refer to http://dev.mysql.com/doc/refman/5.7/en/innodb-troubleshooting.html for how to resolve the issue.
2024-10-07T12:16:37.755188Z 0 [Warning] InnoDB: Cannot open table mysql/slave_relay_log_info from the internal data dictionary of InnoDB though the .frm file for the table exists. Please refer to http://dev.mysql.com/doc/refman/5.7/en/innodb-troubleshooting.html for how to resolve the issue.
2024-10-07T12:16:37.761389Z 0 [Warning] InnoDB: Cannot open table mysql/slave_master_info from the internal data dictionary of InnoDB though the .frm file for the table exists. Please refer to http://dev.mysql.com/doc/refman/5.7/en/innodb-troubleshooting.html for how to resolve the issue.
2024-10-07T12:16:37.766206Z 0 [Warning] Info table is not ready to be used. Table 'mysql.slave_master_info' cannot be opened.
2024-10-07T12:16:37.798469Z 0 [Warning] InnoDB: Cannot open table mysql/slave_worker_info from the internal data dictionary of InnoDB though the .frm file for the table exists. Please refer to http://dev.mysql.com/doc/refman/5.7/en/innodb-troubleshooting.html for how to resolve the issue.
2024-10-07T12:16:37.804045Z 0 [Warning] InnoDB: Cannot open table mysql/slave_relay_log_info from the internal data dictionary of InnoDB though the .frm file for the table exists. Please refer to http://dev.mysql.com/doc/refman/5.7/en/innodb-troubleshooting.html for how to resolve the issue.
2024-10-07T12:16:37.809516Z 0 [Warning] Info table is not ready to be used. Table 'mysql.slave_relay_log_info' cannot be opened.
2024-10-07T12:16:37.811989Z 0 [Note] Failed to start slave threads for channel ''
2024-10-07T12:16:37.863784Z 0 [ERROR] Incorrect definition of table performance_schema.events_waits_current: expected column 'NESTING_EVENT_TYPE' at position 15 to have type enum('TRANSACTION','STATEMENT','STAGE','WAIT', found type enum('STATEMENT','STAGE','WAIT').
2024-10-07T12:16:37.899027Z 0 [ERROR] Incorrect definition of table performance_schema.events_waits_history: expected column 'NESTING_EVENT_TYPE' at position 15 to have type enum('TRANSACTION','STATEMENT','STAGE','WAIT', found type enum('STATEMENT','STAGE','WAIT').
2024-10-07T12:16:37.930683Z 0 [ERROR] Incorrect definition of table performance_schema.events_waits_history_long: expected column 'NESTING_EVENT_TYPE' at position 15 to have type enum('TRANSACTION','STATEMENT','STAGE','WAIT', found type enum('STATEMENT','STAGE','WAIT').
2024-10-07T12:16:38.045988Z 0 [ERROR] Incorrect definition of table performance_schema.events_waits_summary_by_user_by_event_name: expected column 'USER' at position 0 to have type char(32), found type char(16).
2024-10-07T12:16:38.076626Z 0 [ERROR] Incorrect definition of table performance_schema.events_waits_summary_by_account_by_event_name: expected column 'USER' at position 0 to have type char(32), found type char(16).
2024-10-07T12:16:38.454842Z 0 [ERROR] 
2024-10-07T12:16:38.525615Z 0 [ERROR] Incorrect definition of table performance_schema.setup_objects: expected column 'OBJECT_TYPE' at position 0 to have type enum('EVENT','FUNCTION','PROCEDURE','TABLE','TRIGGER', found type enum('TABLE').
2024-10-07T12:16:38.625879Z 0 [ERROR] 
2024-10-07T12:16:38.654209Z 0 [ERROR] 
2024-10-07T12:16:38.683045Z 0 [ERROR] 
2024-10-07T12:16:38.708406Z 0 [ERROR] 
2024-10-07T12:16:38.734040Z 0 [ERROR] 
2024-10-07T12:16:38.787830Z 0 [ERROR] Incorrect definition of table performance_schema.events_stages_summary_by_account_by_event_name: expected column 'USER' at position 0 to have type char(32), found type char(16).
2024-10-07T12:16:38.818619Z 0 [ERROR] Incorrect definition of table performance_schema.events_stages_summary_by_user_by_event_name: expected column 'USER' at position 0 to have type char(32), found type char(16).
2024-10-07T12:16:38.903480Z 0 [ERROR] 
2024-10-07T12:16:38.998882Z 0 [ERROR] 
2024-10-07T12:16:39.027208Z 0 [ERROR] 
2024-10-07T12:16:39.062682Z 0 [ERROR] Incorrect definition of table performance_schema.events_statements_summary_by_account_by_event_name: expected column 'USER' at position 0 to have type char(32), found type char(16).
2024-10-07T12:16:39.083645Z 0 [ERROR] Incorrect definition of table performance_schema.events_statements_summary_by_user_by_event_name: expected column 'USER' at position 0 to have type char(32), found type char(16).
2024-10-07T12:16:39.141562Z 0 [ERROR] 
2024-10-07T12:16:39.142634Z 0 [ERROR] 
2024-10-07T12:16:39.143665Z 0 [ERROR] 
2024-10-07T12:16:39.144673Z 0 [ERROR] 
2024-10-07T12:16:39.145669Z 0 [ERROR] 
2024-10-07T12:16:39.146663Z 0 [ERROR] 
2024-10-07T12:16:39.147914Z 0 [ERROR] 
2024-10-07T12:16:39.148947Z 0 [ERROR] 
2024-10-07T12:16:39.149936Z 0 [ERROR] 
2024-10-07T12:16:39.161907Z 0 [ERROR] Incorrect definition of table performance_schema.users: expected column 'USER' at position 0 to have type char(32), found type char(16).
2024-10-07T12:16:39.178342Z 0 [ERROR] Incorrect definition of table performance_schema.accounts: expected column 'USER' at position 0 to have type char(32), found type char(16).
2024-10-07T12:16:39.287576Z 0 [ERROR] 
2024-10-07T12:16:39.288324Z 0 [ERROR] 
2024-10-07T12:16:39.288978Z 0 [ERROR] 
2024-10-07T12:16:39.289644Z 0 [ERROR] 
2024-10-07T12:16:39.290311Z 0 [ERROR] 
2024-10-07T12:16:39.290981Z 0 [ERROR] 
2024-10-07T12:16:39.291704Z 0 [ERROR] 
2024-10-07T12:16:39.292393Z 0 [ERROR] 
2024-10-07T12:16:39.293050Z 0 [ERROR] 
2024-10-07T12:16:39.293694Z 0 [ERROR] 
2024-10-07T12:16:39.294339Z 0 [ERROR] 
2024-10-07T12:16:39.295012Z 0 [ERROR] 
2024-10-07T12:16:39.295695Z 0 [ERROR] 
2024-10-07T12:16:39.296496Z 0 [ERROR] 
2024-10-07T12:16:39.297265Z 0 [ERROR] 
2024-10-07T12:16:39.298279Z 0 [ERROR] 
2024-10-07T12:16:39.299129Z 0 [ERROR] 
2024-10-07T12:16:39.299848Z 0 [ERROR] 
2024-10-07T12:16:39.300530Z 0 [ERROR] 
2024-10-07T12:16:39.301224Z 0 [ERROR] 
2024-10-07T12:16:39.301897Z 0 [ERROR] 
2024-10-07T12:16:39.302582Z 0 [ERROR] 
2024-10-07T12:16:39.303229Z 0 [ERROR] 
2024-10-07T12:16:39.303871Z 0 [ERROR] 
2024-10-07T12:16:39.304508Z 0 [ERROR] 
2024-10-07T12:16:39.305147Z 0 [ERROR] 
2024-10-07T12:16:39.305961Z 0 [ERROR] Incorrect definition of table mysql.db: expected column 'User' at position 2 to have type char(32), found type char(16).
2024-10-07T12:16:39.307889Z 0 [ERROR] mysql.user has no `Event_priv` column at position 28
2024-10-07T12:16:39.412132Z 0 [ERROR] Event Scheduler: An error occurred when initializing system tables. Disabling the Event Scheduler.
2024-10-07T12:16:39.414295Z 0 [Note] 
2024-10-07T12:20:16.188586Z 2 [ERROR] InnoDB: Table `mysql`.`innodb_table_stats` not found.
2024-10-07T12:20:16.191766Z 2 [ERROR] InnoDB: Fetch of persistent statistics requested for table `synchroclub`.`users` but the required system tables mysql.innodb_table_stats and mysql.innodb_index_stats are not present or have unexpected structure. Using transient stats instead.
2024-10-07T14:01:36.787880Z 0 [Note] InnoDB: page_cleaner: 1000ms intended loop took 1370043ms. The settings might not be optimal. (flushed=0 and evicted=0, during the time.)
2024-10-07T14:13:42.219731Z 0 [Note] InnoDB: page_cleaner: 1000ms intended loop took 184114ms. The settings might not be optimal. (flushed=0 and evicted=0, during the time.)
2024-10-07T14:41:19.970749Z 0 [ERROR] InnoDB: Table `mysql`.`innodb_table_stats` not found.
2024-10-07T14:41:19.972466Z 0 [Warning] InnoDB: Recalculation of persistent statistics requested for table `synchroclub`.`users` but the required persistent statistics storage is not present or is corrupted. Using transient stats instead.
2024-10-07T15:07:49.683212Z 37 [ERROR] InnoDB: Table `mysql`.`innodb_table_stats` not found.
2024-10-07T15:07:49.685452Z 37 [ERROR] InnoDB: Fetch of persistent statistics requested for table `synchroclub`.`classes` but the required system tables mysql.innodb_table_stats and mysql.innodb_index_stats are not present or have unexpected structure. Using transient stats instead.
2024-10-07T16:01:24.701855Z 132 [ERROR] InnoDB: Table `mysql`.`innodb_table_stats` not found.
2024-10-07T16:01:24.702997Z 132 [ERROR] InnoDB: Table `mysql`.`innodb_table_stats` not found.
2024-10-07T16:01:24.709000Z 132 [ERROR] InnoDB: Table `mysql`.`innodb_table_stats` not found.
2024-10-07T16:01:24.709732Z 132 [Warning] InnoDB: Recalculation of persistent statistics requested for table `synchroclub`.`classes` but the required persistent statistics storage is not present or is corrupted. Using transient stats instead.
2024-10-07T16:01:24.713090Z 132 [ERROR] InnoDB: Table `mysql`.`innodb_table_stats` not found.
2024-10-07T16:01:24.713784Z 132 [ERROR] InnoDB: Fetch of persistent statistics requested for table `synchroclub`.`classes` but the required system tables mysql.innodb_table_stats and mysql.innodb_index_stats are not present or have unexpected structure. Using transient stats instead.
2024-10-07T16:01:30.379325Z 150 [ERROR] InnoDB: Table `mysql`.`innodb_table_stats` not found.
2024-10-07T16:01:30.379938Z 150 [ERROR] InnoDB: Fetch of persistent statistics requested for table `synchroclub`.`classes` but the required system tables mysql.innodb_table_stats and mysql.innodb_index_stats are not present or have unexpected structure. Using transient stats instead.
2024-10-07T16:01:36.955645Z 174 [ERROR] InnoDB: Table `mysql`.`innodb_table_stats` not found.
2024-10-07T16:01:36.956219Z 174 [ERROR] InnoDB: Fetch of persistent statistics requested for table `synchroclub`.`classes` but the required system tables mysql.innodb_table_stats and mysql.innodb_index_stats are not present or have unexpected structure. Using transient stats instead.
2024-10-07T16:01:51.781146Z 192 [ERROR] InnoDB: Table `mysql`.`innodb_table_stats` not found.
2024-10-07T16:01:51.781804Z 192 [ERROR] InnoDB: Table `mysql`.`innodb_table_stats` not found.
2024-10-07T16:01:51.785528Z 192 [ERROR] InnoDB: Table `mysql`.`innodb_table_stats` not found.
2024-10-07T16:01:51.786434Z 192 [Warning] InnoDB: Recalculation of persistent statistics requested for table `synchroclub`.`classes` but the required persistent statistics storage is not present or is corrupted. Using transient stats instead.
2024-10-07T16:01:51.789850Z 192 [ERROR] InnoDB: Table `mysql`.`innodb_table_stats` not found.
2024-10-07T16:01:51.790724Z 192 [ERROR] InnoDB: Fetch of persistent statistics requested for table `synchroclub`.`classes` but the required system tables mysql.innodb_table_stats and mysql.innodb_index_stats are not present or have unexpected structure. Using transient stats instead.
2024-10-07T16:01:59.868102Z 210 [ERROR] InnoDB: Table `mysql`.`innodb_table_stats` not found.
2024-10-07T16:01:59.868690Z 210 [ERROR] InnoDB: Fetch of persistent statistics requested for table `synchroclub`.`classes` but the required system tables mysql.innodb_table_stats and mysql.innodb_index_stats are not present or have unexpected structure. Using transient stats instead.
2024-10-07T16:02:07.415508Z 234 [ERROR] InnoDB: Table `mysql`.`innodb_table_stats` not found.
2024-10-07T16:02:07.416085Z 234 [ERROR] InnoDB: Fetch of persistent statistics requested for table `synchroclub`.`classes` but the required system tables mysql.innodb_table_stats and mysql.innodb_index_stats are not present or have unexpected structure. Using transient stats instead.
2024-10-07T16:02:20.249049Z 252 [ERROR] InnoDB: Table `mysql`.`innodb_table_stats` not found.
2024-10-07T16:02:20.249675Z 252 [ERROR] InnoDB: Table `mysql`.`innodb_table_stats` not found.
2024-10-07T16:02:20.253240Z 252 [ERROR] InnoDB: Table `mysql`.`innodb_table_stats` not found.
2024-10-07T16:02:20.253868Z 252 [Warning] InnoDB: Recalculation of persistent statistics requested for table `synchroclub`.`classes` but the required persistent statistics storage is not present or is corrupted. Using transient stats instead.
2024-10-07T16:02:20.256295Z 252 [ERROR] InnoDB: Table `mysql`.`innodb_table_stats` not found.
2024-10-07T16:02:20.256882Z 252 [ERROR] InnoDB: Fetch of persistent statistics requested for table `synchroclub`.`classes` but the required system tables mysql.innodb_table_stats and mysql.innodb_index_stats are not present or have unexpected structure. Using transient stats instead.
2024-10-07T16:02:35.364332Z 270 [ERROR] InnoDB: Table `mysql`.`innodb_table_stats` not found.
2024-10-07T16:02:35.364965Z 270 [ERROR] InnoDB: Fetch of persistent statistics requested for table `synchroclub`.`classes` but the required system tables mysql.innodb_table_stats and mysql.innodb_index_stats are not present or have unexpected structure. Using transient stats instead.
2024-10-07T16:02:56.745326Z 288 [ERROR] InnoDB: Table `mysql`.`innodb_table_stats` not found.
2024-10-07T16:02:56.746100Z 288 [ERROR] InnoDB: Table `mysql`.`innodb_table_stats` not found.
2024-10-07T16:02:56.750668Z 288 [ERROR] InnoDB: Table `mysql`.`innodb_table_stats` not found.
2024-10-07T16:02:56.751473Z 288 [Warning] InnoDB: Recalculation of persistent statistics requested for table `synchroclub`.`classes` but the required persistent statistics storage is not present or is corrupted. Using transient stats instead.
2024-10-07T16:02:56.754374Z 288 [ERROR] InnoDB: Table `mysql`.`innodb_table_stats` not found.
2024-10-07T16:02:56.755120Z 288 [ERROR] InnoDB: Fetch of persistent statistics requested for table `synchroclub`.`classes` but the required system tables mysql.innodb_table_stats and mysql.innodb_index_stats are not present or have unexpected structure. Using transient stats instead.
2024-10-07T16:14:10.851780Z 0 [Warning] TIMESTAMP with implicit DEFAULT value is deprecated. Please use --explicit_defaults_for_timestamp server option (see documentation for more details).
2024-10-07T16:14:10.851850Z 0 [Note] --secure-file-priv is set to NULL. Operations related to importing and exporting data are disabled
2024-10-07T16:14:10.852807Z 0 [ERROR] Cannot open Windows EventLog; check privileges, or start server with --log_syslog=0
2024-10-07T16:14:10.852825Z 0 [Note] C:\Users\iliat\Downloads\usbwebserver/mysql/bin/mysqld_usbwv8.exe (mysqld 5.7.36) starting as process 8316 ...
2024-10-07T16:14:10.859984Z 0 [ERROR] Error message file 'C:\Users\iliat\Downloads\usbwebserver\mysql\share\english\errmsg.sys' had only 886 error messages,
                    but it should contain at least 1123 error messages.
                    Check that the above file is the right version for                     this program!
2024-10-07T16:14:10.886721Z 0 [Note] InnoDB: Mutexes and rw_locks use Windows interlocked functions
2024-10-07T16:14:10.887359Z 0 [Note] InnoDB: Uses event mutexes
2024-10-07T16:14:10.887751Z 0 [Note] InnoDB: Memory barrier is not used
2024-10-07T16:14:10.888195Z 0 [Note] InnoDB: Compressed tables use zlib 1.2.11
2024-10-07T16:14:10.888961Z 0 [Note] InnoDB: Number of pools: 1
2024-10-07T16:14:10.889441Z 0 [Note] InnoDB: Not using CPU crc32 instructions
2024-10-07T16:14:10.892500Z 0 [Note] InnoDB: Initializing buffer pool, total size = 128M, instances = 1, chunk size = 128M
2024-10-07T16:14:10.902404Z 0 [Note] InnoDB: Completed initialization of buffer pool
2024-10-07T16:14:10.957277Z 0 [Note] InnoDB: Highest supported file format is Barracuda.
2024-10-07T16:14:10.960712Z 0 [Note] InnoDB: Log scan progressed past the checkpoint lsn 1510309
2024-10-07T16:14:10.961328Z 0 [Note] InnoDB: Doing recovery: scanned up to log sequence number 1510318
2024-10-07T16:14:10.961954Z 0 [Note] InnoDB: Database was not shutdown normally!
2024-10-07T16:14:10.962439Z 0 [Note] InnoDB: Starting crash recovery.
2024-10-07T16:14:11.166131Z 0 [Note] InnoDB: Removed temporary tablespace data file: "ibtmp1"
2024-10-07T16:14:11.166958Z 0 [Note] InnoDB: Creating shared tablespace for temporary tables
2024-10-07T16:14:11.168342Z 0 [Note] InnoDB: Setting file 'C:\Users\iliat\Downloads\usbwebserver\mysql\data\ibtmp1' size to 12 MB. Physically writing the file full; Please wait ...
2024-10-07T16:14:11.218934Z 0 [Note] InnoDB: File 'C:\Users\iliat\Downloads\usbwebserver\mysql\data\ibtmp1' size is now 12 MB.
2024-10-07T16:14:11.230195Z 0 [Note] InnoDB: 96 redo rollback segment(s) found. 96 redo rollback segment(s) are active.
2024-10-07T16:14:11.231006Z 0 [Note] InnoDB: 32 non-redo rollback segment(s) are active.
2024-10-07T16:14:11.231821Z 0 [Note] InnoDB: Waiting for purge to start
2024-10-07T16:14:11.283736Z 0 [Note] InnoDB: 5.7.36 started; log sequence number 1510318
2024-10-07T16:14:11.284640Z 0 [Note] Plugin 'FEDERATED' is disabled.
2024-10-07T16:14:11.284648Z 0 [Note] InnoDB: Loading buffer pool(s) from C:\Users\iliat\Downloads\usbwebserver\mysql\data\ib_buffer_pool
2024-10-07T16:14:11.286098Z 0 [ERROR] InnoDB: Cannot open 'C:\Users\iliat\Downloads\usbwebserver\mysql\data\ib_buffer_pool' for reading: No such file or directory
2024-10-07T16:14:11.298954Z 0 [Warning] System table 'plugin' is expected to be transactional.
2024-10-07T16:14:11.305994Z 0 [Warning] Gtid table is not ready to be used. Table 'mysql.gtid_executed' cannot be opened.
2024-10-07T16:14:11.308394Z 0 [Note] Found ca.pem, server-cert.pem and server-key.pem in data directory. Trying to enable SSL support using them.
2024-10-07T16:14:11.309306Z 0 [Note] Skipping generation of SSL certificates as certificate files are present in data directory.
2024-10-07T16:14:11.310145Z 0 [Warning] 
2024-10-07T16:14:11.310398Z 0 [Warning] 
2024-10-07T16:14:11.333211Z 0 [Warning] CA certificate ca.pem is self signed.
2024-10-07T16:14:11.333926Z 0 [Note] Skipping generation of RSA key pair as key files are present in data directory.
2024-10-07T16:14:11.348421Z 0 [Note] Server hostname (bind-address): '*'; port: 3306
2024-10-07T16:14:11.349237Z 0 [Note] IPv6 is available.
2024-10-07T16:14:11.349605Z 0 [Note]   - '::' resolves to '::';
2024-10-07T16:14:11.350104Z 0 [Note] Server socket created on IP: '::'.
2024-10-07T16:14:11.351244Z 0 [Warning] Failed to open optimizer cost constant tables

2024-10-07T16:14:11.475384Z 0 [Warning] System table 'time_zone_leap_second' is expected to be transactional.
2024-10-07T16:14:11.476055Z 0 [Warning] System table 'time_zone_name' is expected to be transactional.
2024-10-07T16:14:11.476777Z 0 [Warning] System table 'time_zone' is expected to be transactional.
2024-10-07T16:14:11.477407Z 0 [Warning] System table 'time_zone_transition_type' is expected to be transactional.
2024-10-07T16:14:11.478217Z 0 [Warning] System table 'time_zone_transition' is expected to be transactional.
2024-10-07T16:14:11.524619Z 0 [Warning] System table 'servers' is expected to be transactional.
2024-10-07T16:14:11.542444Z 0 [Warning] InnoDB: Cannot open table mysql/slave_master_info from the internal data dictionary of InnoDB though the .frm file for the table exists. Please refer to http://dev.mysql.com/doc/refman/5.7/en/innodb-troubleshooting.html for how to resolve the issue.
2024-10-07T16:14:11.549940Z 0 [Warning] InnoDB: Cannot open table mysql/slave_relay_log_info from the internal data dictionary of InnoDB though the .frm file for the table exists. Please refer to http://dev.mysql.com/doc/refman/5.7/en/innodb-troubleshooting.html for how to resolve the issue.
2024-10-07T16:14:11.552063Z 0 [Warning] InnoDB: Cannot open table mysql/slave_master_info from the internal data dictionary of InnoDB though the .frm file for the table exists. Please refer to http://dev.mysql.com/doc/refman/5.7/en/innodb-troubleshooting.html for how to resolve the issue.
2024-10-07T16:14:11.553920Z 0 [Warning] Info table is not ready to be used. Table 'mysql.slave_master_info' cannot be opened.
2024-10-07T16:14:11.565250Z 0 [Warning] InnoDB: Cannot open table mysql/slave_worker_info from the internal data dictionary of InnoDB though the .frm file for the table exists. Please refer to http://dev.mysql.com/doc/refman/5.7/en/innodb-troubleshooting.html for how to resolve the issue.
2024-10-07T16:14:11.567238Z 0 [Warning] InnoDB: Cannot open table mysql/slave_relay_log_info from the internal data dictionary of InnoDB though the .frm file for the table exists. Please refer to http://dev.mysql.com/doc/refman/5.7/en/innodb-troubleshooting.html for how to resolve the issue.
2024-10-07T16:14:11.569045Z 0 [Warning] Info table is not ready to be used. Table 'mysql.slave_relay_log_info' cannot be opened.
2024-10-07T16:14:11.569917Z 0 [Note] Failed to start slave threads for channel ''
2024-10-07T16:14:11.587907Z 0 [ERROR] Incorrect definition of table performance_schema.events_waits_current: expected column 'NESTING_EVENT_TYPE' at position 15 to have type enum('TRANSACTION','STATEMENT','STAGE','WAIT', found type enum('STATEMENT','STAGE','WAIT').
2024-10-07T16:14:11.597541Z 0 [ERROR] Incorrect definition of table performance_schema.events_waits_history: expected column 'NESTING_EVENT_TYPE' at position 15 to have type enum('TRANSACTION','STATEMENT','STAGE','WAIT', found type enum('STATEMENT','STAGE','WAIT').
2024-10-07T16:14:11.607381Z 0 [ERROR] Incorrect definition of table performance_schema.events_waits_history_long: expected column 'NESTING_EVENT_TYPE' at position 15 to have type enum('TRANSACTION','STATEMENT','STAGE','WAIT', found type enum('STATEMENT','STAGE','WAIT').
2024-10-07T16:14:11.645311Z 0 [ERROR] Incorrect definition of table performance_schema.events_waits_summary_by_user_by_event_name: expected column 'USER' at position 0 to have type char(32), found type char(16).
2024-10-07T16:14:11.655403Z 0 [ERROR] Incorrect definition of table performance_schema.events_waits_summary_by_account_by_event_name: expected column 'USER' at position 0 to have type char(32), found type char(16).
2024-10-07T16:14:11.745812Z 0 [ERROR] 
2024-10-07T16:14:11.769502Z 0 [ERROR] Incorrect definition of table performance_schema.setup_objects: expected column 'OBJECT_TYPE' at position 0 to have type enum('EVENT','FUNCTION','PROCEDURE','TABLE','TRIGGER', found type enum('TABLE').
2024-10-07T16:14:11.804986Z 0 [ERROR] 
2024-10-07T16:14:11.812819Z 0 [ERROR] 
2024-10-07T16:14:11.821646Z 0 [ERROR] 
2024-10-07T16:14:11.830660Z 0 [ERROR] 
2024-10-07T16:14:11.839487Z 0 [ERROR] 
2024-10-07T16:14:11.857183Z 0 [ERROR] Incorrect definition of table performance_schema.events_stages_summary_by_account_by_event_name: expected column 'USER' at position 0 to have type char(32), found type char(16).
2024-10-07T16:14:11.866884Z 0 [ERROR] Incorrect definition of table performance_schema.events_stages_summary_by_user_by_event_name: expected column 'USER' at position 0 to have type char(32), found type char(16).
2024-10-07T16:14:11.893827Z 0 [ERROR] 
2024-10-07T16:14:11.902648Z 0 [ERROR] 
2024-10-07T16:14:11.911313Z 0 [ERROR] 
2024-10-07T16:14:11.930222Z 0 [ERROR] Incorrect definition of table performance_schema.events_statements_summary_by_account_by_event_name: expected column 'USER' at position 0 to have type char(32), found type char(16).
2024-10-07T16:14:11.939697Z 0 [ERROR] Incorrect definition of table performance_schema.events_statements_summary_by_user_by_event_name: expected column 'USER' at position 0 to have type char(32), found type char(16).
2024-10-07T16:14:11.967411Z 0 [ERROR] 
2024-10-07T16:14:11.967802Z 0 [ERROR] 
2024-10-07T16:14:11.968126Z 0 [ERROR] 
2024-10-07T16:14:11.968448Z 0 [ERROR] 
2024-10-07T16:14:11.968808Z 0 [ERROR] 
2024-10-07T16:14:11.969132Z 0 [ERROR] 
2024-10-07T16:14:11.969451Z 0 [ERROR] 
2024-10-07T16:14:11.969809Z 0 [ERROR] 
2024-10-07T16:14:11.970125Z 0 [ERROR] 
2024-10-07T16:14:11.976679Z 0 [ERROR] Incorrect definition of table performance_schema.users: expected column 'USER' at position 0 to have type char(32), found type char(16).
2024-10-07T16:14:11.984042Z 0 [ERROR] Incorrect definition of table performance_schema.accounts: expected column 'USER' at position 0 to have type char(32), found type char(16).
2024-10-07T16:14:12.035843Z 0 [ERROR] 
2024-10-07T16:14:12.036192Z 0 [ERROR] 
2024-10-07T16:14:12.036526Z 0 [ERROR] 
2024-10-07T16:14:12.036855Z 0 [ERROR] 
2024-10-07T16:14:12.037203Z 0 [ERROR] 
2024-10-07T16:14:12.037541Z 0 [ERROR] 
2024-10-07T16:14:12.037866Z 0 [ERROR] 
2024-10-07T16:14:12.038193Z 0 [ERROR] 
2024-10-07T16:14:12.038524Z 0 [ERROR] 
2024-10-07T16:14:12.038849Z 0 [ERROR] 
2024-10-07T16:14:12.039179Z 0 [ERROR] 
2024-10-07T16:14:12.039505Z 0 [ERROR] 
2024-10-07T16:14:12.039832Z 0 [ERROR] 
2024-10-07T16:14:12.040160Z 0 [ERROR] 
2024-10-07T16:14:12.040488Z 0 [ERROR] 
2024-10-07T16:14:12.040815Z 0 [ERROR] 
2024-10-07T16:14:12.041141Z 0 [ERROR] 
2024-10-07T16:14:12.041468Z 0 [ERROR] 
2024-10-07T16:14:12.041793Z 0 [ERROR] 
2024-10-07T16:14:12.042124Z 0 [ERROR] 
2024-10-07T16:14:12.042459Z 0 [ERROR] 
2024-10-07T16:14:12.042792Z 0 [ERROR] 
2024-10-07T16:14:12.043120Z 0 [ERROR] 
2024-10-07T16:14:12.043468Z 0 [ERROR] 
2024-10-07T16:14:12.043794Z 0 [ERROR] 
2024-10-07T16:14:12.044119Z 0 [ERROR] 
2024-10-07T16:14:12.044529Z 0 [ERROR] Incorrect definition of table mysql.db: expected column 'User' at position 2 to have type char(32), found type char(16).
2024-10-07T16:14:12.045522Z 0 [ERROR] mysql.user has no `Event_priv` column at position 28
2024-10-07T16:14:12.057219Z 0 [ERROR] Event Scheduler: An error occurred when initializing system tables. Disabling the Event Scheduler.
2024-10-07T16:14:12.058226Z 0 [Note] 
2024-10-07T16:14:21.470095Z 2 [ERROR] InnoDB: Table `mysql`.`innodb_table_stats` not found.
2024-10-07T16:14:21.472530Z 2 [ERROR] InnoDB: Fetch of persistent statistics requested for table `synchroclub`.`users` but the required system tables mysql.innodb_table_stats and mysql.innodb_index_stats are not present or have unexpected structure. Using transient stats instead.
2024-10-07T16:14:21.747617Z 2 [ERROR] InnoDB: Table `mysql`.`innodb_table_stats` not found.
2024-10-07T16:14:21.748167Z 2 [ERROR] InnoDB: Fetch of persistent statistics requested for table `synchroclub`.`classes` but the required system tables mysql.innodb_table_stats and mysql.innodb_index_stats are not present or have unexpected structure. Using transient stats instead.
2024-10-07T16:41:41.101435Z 0 [Note] InnoDB: page_cleaner: 1000ms intended loop took 346125ms. The settings might not be optimal. (flushed=0 and evicted=0, during the time.)
2024-10-07T18:59:06.510718Z 0 [ERROR] InnoDB: Table `mysql`.`innodb_table_stats` not found.
2024-10-07T18:59:06.513578Z 0 [Warning] InnoDB: Recalculation of persistent statistics requested for table `synchroclub`.`classes` but the required persistent statistics storage is not present or is corrupted. Using transient stats instead.
2024-10-07T19:18:09.957474Z 0 [ERROR] InnoDB: Table `mysql`.`innodb_table_stats` not found.
2024-10-07T19:18:09.960463Z 0 [Warning] InnoDB: Recalculation of persistent statistics requested for table `synchroclub`.`classes` but the required persistent statistics storage is not present or is corrupted. Using transient stats instead.
2024-10-07T19:22:43.917070Z 0 [ERROR] InnoDB: Table `mysql`.`innodb_table_stats` not found.
2024-10-07T19:22:43.920463Z 0 [Warning] InnoDB: Recalculation of persistent statistics requested for table `synchroclub`.`classes` but the required persistent statistics storage is not present or is corrupted. Using transient stats instead.
2024-10-07T19:27:01.012719Z 0 [ERROR] InnoDB: Table `mysql`.`innodb_table_stats` not found.
2024-10-07T19:27:01.015666Z 0 [Warning] InnoDB: Recalculation of persistent statistics requested for table `synchroclub`.`classes` but the required persistent statistics storage is not present or is corrupted. Using transient stats instead.
2024-10-08T18:03:20.752049Z 0 [Warning] TIMESTAMP with implicit DEFAULT value is deprecated. Please use --explicit_defaults_for_timestamp server option (see documentation for more details).
2024-10-08T18:03:20.752349Z 0 [Note] --secure-file-priv is set to NULL. Operations related to importing and exporting data are disabled
2024-10-08T18:03:20.755066Z 0 [ERROR] Cannot open Windows EventLog; check privileges, or start server with --log_syslog=0
2024-10-08T18:03:20.755170Z 0 [Note] C:\Users\iliat\Downloads\usbwebserver/mysql/bin/mysqld_usbwv8.exe (mysqld 5.7.36) starting as process 8444 ...
2024-10-08T18:03:20.779403Z 0 [ERROR] Error message file 'C:\Users\iliat\Downloads\usbwebserver\mysql\share\english\errmsg.sys' had only 886 error messages,
                    but it should contain at least 1123 error messages.
                    Check that the above file is the right version for                     this program!
2024-10-08T18:03:20.894420Z 0 [Note] InnoDB: Mutexes and rw_locks use Windows interlocked functions
2024-10-08T18:03:20.898417Z 0 [Note] InnoDB: Uses event mutexes
2024-10-08T18:03:20.900918Z 0 [Note] InnoDB: Memory barrier is not used
2024-10-08T18:03:20.903914Z 0 [Note] InnoDB: Compressed tables use zlib 1.2.11
2024-10-08T18:03:20.908555Z 0 [Note] InnoDB: Number of pools: 1
2024-10-08T18:03:20.911538Z 0 [Note] InnoDB: Not using CPU crc32 instructions
2024-10-08T18:03:20.927936Z 0 [Note] InnoDB: Initializing buffer pool, total size = 128M, instances = 1, chunk size = 128M
2024-10-08T18:03:20.959190Z 0 [Note] InnoDB: Completed initialization of buffer pool
2024-10-08T18:03:21.110472Z 0 [Note] InnoDB: Highest supported file format is Barracuda.
2024-10-08T18:03:21.118572Z 0 [Note] InnoDB: Log scan progressed past the checkpoint lsn 1514780
2024-10-08T18:03:21.121357Z 0 [Note] InnoDB: Doing recovery: scanned up to log sequence number 1514789
2024-10-08T18:03:21.125253Z 0 [Note] InnoDB: Database was not shutdown normally!
2024-10-08T18:03:21.127892Z 0 [Note] InnoDB: Starting crash recovery.
2024-10-08T18:03:21.517181Z 0 [Note] InnoDB: Removed temporary tablespace data file: "ibtmp1"
2024-10-08T18:03:21.519689Z 0 [Note] InnoDB: Creating shared tablespace for temporary tables
2024-10-08T18:03:21.524100Z 0 [Note] InnoDB: Setting file 'C:\Users\iliat\Downloads\usbwebserver\mysql\data\ibtmp1' size to 12 MB. Physically writing the file full; Please wait ...
2024-10-08T18:03:21.606787Z 0 [Note] InnoDB: File 'C:\Users\iliat\Downloads\usbwebserver\mysql\data\ibtmp1' size is now 12 MB.
2024-10-08T18:03:21.646401Z 0 [Note] InnoDB: 96 redo rollback segment(s) found. 96 redo rollback segment(s) are active.
2024-10-08T18:03:21.651242Z 0 [Note] InnoDB: 32 non-redo rollback segment(s) are active.
2024-10-08T18:03:21.656898Z 0 [Note] InnoDB: Waiting for purge to start
2024-10-08T18:03:21.718906Z 0 [Note] InnoDB: 5.7.36 started; log sequence number 1514789
2024-10-08T18:03:21.723465Z 0 [Note] InnoDB: Loading buffer pool(s) from C:\Users\iliat\Downloads\usbwebserver\mysql\data\ib_buffer_pool
2024-10-08T18:03:21.723622Z 0 [Note] Plugin 'FEDERATED' is disabled.
2024-10-08T18:03:21.729956Z 0 [ERROR] InnoDB: Cannot open 'C:\Users\iliat\Downloads\usbwebserver\mysql\data\ib_buffer_pool' for reading: No such file or directory
2024-10-08T18:03:21.782815Z 0 [Warning] System table 'plugin' is expected to be transactional.
2024-10-08T18:03:21.799527Z 0 [Warning] Gtid table is not ready to be used. Table 'mysql.gtid_executed' cannot be opened.
2024-10-08T18:03:21.804227Z 0 [Note] Found ca.pem, server-cert.pem and server-key.pem in data directory. Trying to enable SSL support using them.
2024-10-08T18:03:21.806031Z 0 [Note] Skipping generation of SSL certificates as certificate files are present in data directory.
2024-10-08T18:03:21.807866Z 0 [Warning] 
2024-10-08T18:03:21.808466Z 0 [Warning] 
2024-10-08T18:03:21.854481Z 0 [Warning] CA certificate ca.pem is self signed.
2024-10-08T18:03:21.855884Z 0 [Note] Skipping generation of RSA key pair as key files are present in data directory.
2024-10-08T18:03:21.882948Z 0 [Note] Server hostname (bind-address): '*'; port: 3306
2024-10-08T18:03:21.885047Z 0 [Note] IPv6 is available.
2024-10-08T18:03:21.885932Z 0 [Note]   - '::' resolves to '::';
2024-10-08T18:03:21.886996Z 0 [Note] Server socket created on IP: '::'.
2024-10-08T18:03:21.889366Z 0 [Warning] Failed to open optimizer cost constant tables

2024-10-08T18:03:22.162077Z 0 [Warning] System table 'time_zone_leap_second' is expected to be transactional.
2024-10-08T18:03:22.164257Z 0 [Warning] System table 'time_zone_name' is expected to be transactional.
2024-10-08T18:03:22.166090Z 0 [Warning] System table 'time_zone' is expected to be transactional.
2024-10-08T18:03:22.167716Z 0 [Warning] System table 'time_zone_transition_type' is expected to be transactional.
2024-10-08T18:03:22.169795Z 0 [Warning] System table 'time_zone_transition' is expected to be transactional.
2024-10-08T18:03:22.313122Z 0 [Warning] System table 'servers' is expected to be transactional.
2024-10-08T18:03:22.366410Z 0 [Warning] InnoDB: Cannot open table mysql/slave_master_info from the internal data dictionary of InnoDB though the .frm file for the table exists. Please refer to http://dev.mysql.com/doc/refman/5.7/en/innodb-troubleshooting.html for how to resolve the issue.
2024-10-08T18:03:22.390052Z 0 [Warning] InnoDB: Cannot open table mysql/slave_relay_log_info from the internal data dictionary of InnoDB though the .frm file for the table exists. Please refer to http://dev.mysql.com/doc/refman/5.7/en/innodb-troubleshooting.html for how to resolve the issue.
2024-10-08T18:03:22.397951Z 0 [Warning] InnoDB: Cannot open table mysql/slave_master_info from the internal data dictionary of InnoDB though the .frm file for the table exists. Please refer to http://dev.mysql.com/doc/refman/5.7/en/innodb-troubleshooting.html for how to resolve the issue.
2024-10-08T18:03:22.405996Z 0 [Warning] Info table is not ready to be used. Table 'mysql.slave_master_info' cannot be opened.
2024-10-08T18:03:22.458026Z 0 [Warning] InnoDB: Cannot open table mysql/slave_worker_info from the internal data dictionary of InnoDB though the .frm file for the table exists. Please refer to http://dev.mysql.com/doc/refman/5.7/en/innodb-troubleshooting.html for how to resolve the issue.
2024-10-08T18:03:22.468317Z 0 [Warning] InnoDB: Cannot open table mysql/slave_relay_log_info from the internal data dictionary of InnoDB though the .frm file for the table exists. Please refer to http://dev.mysql.com/doc/refman/5.7/en/innodb-troubleshooting.html for how to resolve the issue.
2024-10-08T18:03:22.474313Z 0 [Warning] Info table is not ready to be used. Table 'mysql.slave_relay_log_info' cannot be opened.
2024-10-08T18:03:22.476766Z 0 [Note] Failed to start slave threads for channel ''
2024-10-08T18:03:22.530674Z 0 [ERROR] Incorrect definition of table performance_schema.events_waits_current: expected column 'NESTING_EVENT_TYPE' at position 15 to have type enum('TRANSACTION','STATEMENT','STAGE','WAIT', found type enum('STATEMENT','STAGE','WAIT').
2024-10-08T18:03:22.561961Z 0 [ERROR] Incorrect definition of table performance_schema.events_waits_history: expected column 'NESTING_EVENT_TYPE' at position 15 to have type enum('TRANSACTION','STATEMENT','STAGE','WAIT', found type enum('STATEMENT','STAGE','WAIT').
2024-10-08T18:03:22.597635Z 0 [ERROR] Incorrect definition of table performance_schema.events_waits_history_long: expected column 'NESTING_EVENT_TYPE' at position 15 to have type enum('TRANSACTION','STATEMENT','STAGE','WAIT', found type enum('STATEMENT','STAGE','WAIT').
2024-10-08T18:03:22.716740Z 0 [ERROR] Incorrect definition of table performance_schema.events_waits_summary_by_user_by_event_name: expected column 'USER' at position 0 to have type char(32), found type char(16).
2024-10-08T18:03:22.741519Z 0 [ERROR] Incorrect definition of table performance_schema.events_waits_summary_by_account_by_event_name: expected column 'USER' at position 0 to have type char(32), found type char(16).
2024-10-08T18:03:22.981896Z 0 [ERROR] 
2024-10-08T18:03:23.036751Z 0 [ERROR] Incorrect definition of table performance_schema.setup_objects: expected column 'OBJECT_TYPE' at position 0 to have type enum('EVENT','FUNCTION','PROCEDURE','TABLE','TRIGGER', found type enum('TABLE').
2024-10-08T18:03:23.126773Z 0 [ERROR] 
2024-10-08T18:03:23.144276Z 0 [ERROR] 
2024-10-08T18:03:23.167249Z 0 [ERROR] 
2024-10-08T18:03:23.186370Z 0 [ERROR] 
2024-10-08T18:03:23.210385Z 0 [ERROR] 
2024-10-08T18:03:23.249269Z 0 [ERROR] Incorrect definition of table performance_schema.events_stages_summary_by_account_by_event_name: expected column 'USER' at position 0 to have type char(32), found type char(16).
2024-10-08T18:03:23.267541Z 0 [ERROR] Incorrect definition of table performance_schema.events_stages_summary_by_user_by_event_name: expected column 'USER' at position 0 to have type char(32), found type char(16).
2024-10-08T18:03:23.316679Z 0 [ERROR] 
2024-10-08T18:03:23.333803Z 0 [ERROR] 
2024-10-08T18:03:23.349617Z 0 [ERROR] 
2024-10-08T18:03:23.385568Z 0 [ERROR] Incorrect definition of table performance_schema.events_statements_summary_by_account_by_event_name: expected column 'USER' at position 0 to have type char(32), found type char(16).
2024-10-08T18:03:23.414285Z 0 [ERROR] Incorrect definition of table performance_schema.events_statements_summary_by_user_by_event_name: expected column 'USER' at position 0 to have type char(32), found type char(16).
2024-10-08T18:03:23.507118Z 0 [ERROR] 
2024-10-08T18:03:23.508365Z 0 [ERROR] 
2024-10-08T18:03:23.509656Z 0 [ERROR] 
2024-10-08T18:03:23.511045Z 0 [ERROR] 
2024-10-08T18:03:23.512942Z 0 [ERROR] 
2024-10-08T18:03:23.514347Z 0 [ERROR] 
2024-10-08T18:03:23.515620Z 0 [ERROR] 
2024-10-08T18:03:23.516830Z 0 [ERROR] 
2024-10-08T18:03:23.517980Z 0 [ERROR] 
2024-10-08T18:03:23.538541Z 0 [ERROR] Incorrect definition of table performance_schema.users: expected column 'USER' at position 0 to have type char(32), found type char(16).
2024-10-08T18:03:23.565242Z 0 [ERROR] Incorrect definition of table performance_schema.accounts: expected column 'USER' at position 0 to have type char(32), found type char(16).
2024-10-08T18:03:23.746041Z 0 [ERROR] 
2024-10-08T18:03:23.747477Z 0 [ERROR] 
2024-10-08T18:03:23.748867Z 0 [ERROR] 
2024-10-08T18:03:23.750767Z 0 [ERROR] 
2024-10-08T18:03:23.752528Z 0 [ERROR] 
2024-10-08T18:03:23.753928Z 0 [ERROR] 
2024-10-08T18:03:23.756021Z 0 [ERROR] 
2024-10-08T18:03:23.757791Z 0 [ERROR] 
2024-10-08T18:03:23.759226Z 0 [ERROR] 
2024-10-08T18:03:23.760605Z 0 [ERROR] 
2024-10-08T18:03:23.761978Z 0 [ERROR] 
2024-10-08T18:03:23.763352Z 0 [ERROR] 
2024-10-08T18:03:23.765141Z 0 [ERROR] 
2024-10-08T18:03:23.766855Z 0 [ERROR] 
2024-10-08T18:03:23.768310Z 0 [ERROR] 
2024-10-08T18:03:23.769706Z 0 [ERROR] 
2024-10-08T18:03:23.771091Z 0 [ERROR] 
2024-10-08T18:03:23.772839Z 0 [ERROR] 
2024-10-08T18:03:23.774371Z 0 [ERROR] 
2024-10-08T18:03:23.775759Z 0 [ERROR] 
2024-10-08T18:03:23.777186Z 0 [ERROR] 
2024-10-08T18:03:23.778700Z 0 [ERROR] 
2024-10-08T18:03:23.780311Z 0 [ERROR] 
2024-10-08T18:03:23.781714Z 0 [ERROR] 
2024-10-08T18:03:23.783098Z 0 [ERROR] 
2024-10-08T18:03:23.784829Z 0 [ERROR] 
2024-10-08T18:03:23.786891Z 0 [ERROR] Incorrect definition of table mysql.db: expected column 'User' at position 2 to have type char(32), found type char(16).
2024-10-08T18:03:23.791408Z 0 [ERROR] mysql.user has no `Event_priv` column at position 28
2024-10-08T18:03:23.889163Z 0 [ERROR] Event Scheduler: An error occurred when initializing system tables. Disabling the Event Scheduler.
2024-10-08T18:03:23.890379Z 0 [Note] 
2024-10-08T18:03:59.461866Z 2 [ERROR] InnoDB: Table `mysql`.`innodb_table_stats` not found.
2024-10-08T18:03:59.463441Z 2 [ERROR] InnoDB: Fetch of persistent statistics requested for table `synchroclub`.`users` but the required system tables mysql.innodb_table_stats and mysql.innodb_index_stats are not present or have unexpected structure. Using transient stats instead.
2024-10-08T18:04:00.137071Z 2 [ERROR] InnoDB: Table `mysql`.`innodb_table_stats` not found.
2024-10-08T18:04:00.138815Z 2 [ERROR] InnoDB: Fetch of persistent statistics requested for table `synchroclub`.`classes` but the required system tables mysql.innodb_table_stats and mysql.innodb_index_stats are not present or have unexpected structure. Using transient stats instead.
2024-10-08T18:30:22.018512Z 0 [Warning] TIMESTAMP with implicit DEFAULT value is deprecated. Please use --explicit_defaults_for_timestamp server option (see documentation for more details).
2024-10-08T18:30:22.018637Z 0 [Note] --secure-file-priv is set to NULL. Operations related to importing and exporting data are disabled
2024-10-08T18:30:22.019689Z 0 [ERROR] Cannot open Windows EventLog; check privileges, or start server with --log_syslog=0
2024-10-08T18:30:22.019726Z 0 [Note] C:\Users\iliat\Downloads\usbwebserver/mysql/bin/mysqld_usbwv8.exe (mysqld 5.7.36) starting as process 14004 ...
2024-10-08T18:30:22.020673Z 0 [ERROR] Error message file 'C:\Users\iliat\Downloads\usbwebserver\mysql\share\english\errmsg.sys' had only 886 error messages,
                    but it should contain at least 1123 error messages.
                    Check that the above file is the right version for                     this program!
2024-10-08T18:30:22.131093Z 0 [Note] InnoDB: Mutexes and rw_locks use Windows interlocked functions
2024-10-08T18:30:22.132309Z 0 [Note] InnoDB: Uses event mutexes
2024-10-08T18:30:22.133074Z 0 [Note] InnoDB: Memory barrier is not used
2024-10-08T18:30:22.133933Z 0 [Note] InnoDB: Compressed tables use zlib 1.2.11
2024-10-08T18:30:22.135368Z 0 [Note] InnoDB: Number of pools: 1
2024-10-08T18:30:22.136303Z 0 [Note] InnoDB: Not using CPU crc32 instructions
2024-10-08T18:30:22.141619Z 0 [Note] InnoDB: Initializing buffer pool, total size = 128M, instances = 1, chunk size = 128M
2024-10-08T18:30:22.154472Z 0 [Note] InnoDB: Completed initialization of buffer pool
2024-10-08T18:30:22.228167Z 0 [Note] InnoDB: Highest supported file format is Barracuda.
2024-10-08T18:30:22.237648Z 0 [Note] InnoDB: Log scan progressed past the checkpoint lsn 1514808
2024-10-08T18:30:22.241491Z 0 [Note] InnoDB: Doing recovery: scanned up to log sequence number 1514817
2024-10-08T18:30:22.243442Z 0 [Note] InnoDB: Database was not shutdown normally!
2024-10-08T18:30:22.245105Z 0 [Note] InnoDB: Starting crash recovery.
2024-10-08T18:30:22.509254Z 0 [Note] InnoDB: Removed temporary tablespace data file: "ibtmp1"
2024-10-08T18:30:22.511072Z 0 [Note] InnoDB: Creating shared tablespace for temporary tables
2024-10-08T18:30:22.513698Z 0 [Note] InnoDB: Setting file 'C:\Users\iliat\Downloads\usbwebserver\mysql\data\ibtmp1' size to 12 MB. Physically writing the file full; Please wait ...
2024-10-08T18:30:22.551393Z 0 [Note] InnoDB: File 'C:\Users\iliat\Downloads\usbwebserver\mysql\data\ibtmp1' size is now 12 MB.
2024-10-08T18:30:22.578485Z 0 [Note] InnoDB: 96 redo rollback segment(s) found. 96 redo rollback segment(s) are active.
2024-10-08T18:30:22.580919Z 0 [Note] InnoDB: 32 non-redo rollback segment(s) are active.
2024-10-08T18:30:22.582862Z 0 [Note] InnoDB: Waiting for purge to start
2024-10-08T18:30:22.639360Z 0 [Note] InnoDB: 5.7.36 started; log sequence number 1514817
2024-10-08T18:30:22.641420Z 0 [Note] InnoDB: Loading buffer pool(s) from C:\Users\iliat\Downloads\usbwebserver\mysql\data\ib_buffer_pool
2024-10-08T18:30:22.641493Z 0 [Note] Plugin 'FEDERATED' is disabled.
2024-10-08T18:30:22.643428Z 0 [ERROR] InnoDB: Cannot open 'C:\Users\iliat\Downloads\usbwebserver\mysql\data\ib_buffer_pool' for reading: No such file or directory
2024-10-08T18:30:22.647208Z 0 [Warning] System table 'plugin' is expected to be transactional.
2024-10-08T18:30:22.649650Z 0 [Warning] Gtid table is not ready to be used. Table 'mysql.gtid_executed' cannot be opened.
2024-10-08T18:30:22.653863Z 0 [Note] Found ca.pem, server-cert.pem and server-key.pem in data directory. Trying to enable SSL support using them.
2024-10-08T18:30:22.655799Z 0 [Note] Skipping generation of SSL certificates as certificate files are present in data directory.
2024-10-08T18:30:22.657432Z 0 [Warning] 
2024-10-08T18:30:22.657992Z 0 [Warning] 
2024-10-08T18:30:22.660916Z 0 [Warning] CA certificate ca.pem is self signed.
2024-10-08T18:30:22.662193Z 0 [Note] Skipping generation of RSA key pair as key files are present in data directory.
2024-10-08T18:30:22.664034Z 0 [Note] Server hostname (bind-address): '*'; port: 3306
2024-10-08T18:30:22.665591Z 0 [Note] IPv6 is available.
2024-10-08T18:30:22.666293Z 0 [Note]   - '::' resolves to '::';
2024-10-08T18:30:22.667165Z 0 [Note] Server socket created on IP: '::'.
2024-10-08T18:30:22.668991Z 0 [Warning] Failed to open optimizer cost constant tables

2024-10-08T18:30:22.698474Z 0 [Warning] System table 'time_zone_leap_second' is expected to be transactional.
2024-10-08T18:30:22.699859Z 0 [Warning] System table 'time_zone_name' is expected to be transactional.
2024-10-08T18:30:22.701095Z 0 [Warning] System table 'time_zone' is expected to be transactional.
2024-10-08T18:30:22.702274Z 0 [Warning] System table 'time_zone_transition_type' is expected to be transactional.
2024-10-08T18:30:22.703654Z 0 [Warning] System table 'time_zone_transition' is expected to be transactional.
2024-10-08T18:30:22.709387Z 0 [Warning] System table 'servers' is expected to be transactional.
2024-10-08T18:30:22.711836Z 0 [Warning] InnoDB: Cannot open table mysql/slave_master_info from the internal data dictionary of InnoDB though the .frm file for the table exists. Please refer to http://dev.mysql.com/doc/refman/5.7/en/innodb-troubleshooting.html for how to resolve the issue.
2024-10-08T18:30:22.715712Z 0 [Warning] InnoDB: Cannot open table mysql/slave_relay_log_info from the internal data dictionary of InnoDB though the .frm file for the table exists. Please refer to http://dev.mysql.com/doc/refman/5.7/en/innodb-troubleshooting.html for how to resolve the issue.
2024-10-08T18:30:22.719416Z 0 [Warning] InnoDB: Cannot open table mysql/slave_master_info from the internal data dictionary of InnoDB though the .frm file for the table exists. Please refer to http://dev.mysql.com/doc/refman/5.7/en/innodb-troubleshooting.html for how to resolve the issue.
2024-10-08T18:30:22.722968Z 0 [Warning] Info table is not ready to be used. Table 'mysql.slave_master_info' cannot be opened.
2024-10-08T18:30:22.724874Z 0 [Warning] InnoDB: Cannot open table mysql/slave_worker_info from the internal data dictionary of InnoDB though the .frm file for the table exists. Please refer to http://dev.mysql.com/doc/refman/5.7/en/innodb-troubleshooting.html for how to resolve the issue.
2024-10-08T18:30:22.729000Z 0 [Warning] InnoDB: Cannot open table mysql/slave_relay_log_info from the internal data dictionary of InnoDB though the .frm file for the table exists. Please refer to http://dev.mysql.com/doc/refman/5.7/en/innodb-troubleshooting.html for how to resolve the issue.
2024-10-08T18:30:22.733931Z 0 [Warning] Info table is not ready to be used. Table 'mysql.slave_relay_log_info' cannot be opened.
2024-10-08T18:30:22.736055Z 0 [Note] Failed to start slave threads for channel ''
2024-10-08T18:30:22.738049Z 0 [ERROR] Incorrect definition of table performance_schema.events_waits_current: expected column 'NESTING_EVENT_TYPE' at position 15 to have type enum('TRANSACTION','STATEMENT','STAGE','WAIT', found type enum('STATEMENT','STAGE','WAIT').
2024-10-08T18:30:22.742020Z 0 [ERROR] Incorrect definition of table performance_schema.events_waits_history: expected column 'NESTING_EVENT_TYPE' at position 15 to have type enum('TRANSACTION','STATEMENT','STAGE','WAIT', found type enum('STATEMENT','STAGE','WAIT').
2024-10-08T18:30:22.745516Z 0 [ERROR] Incorrect definition of table performance_schema.events_waits_history_long: expected column 'NESTING_EVENT_TYPE' at position 15 to have type enum('TRANSACTION','STATEMENT','STAGE','WAIT', found type enum('STATEMENT','STAGE','WAIT').
2024-10-08T18:30:22.749924Z 0 [ERROR] Incorrect definition of table performance_schema.events_waits_summary_by_user_by_event_name: expected column 'USER' at position 0 to have type char(32), found type char(16).
2024-10-08T18:30:22.752721Z 0 [ERROR] Incorrect definition of table performance_schema.events_waits_summary_by_account_by_event_name: expected column 'USER' at position 0 to have type char(32), found type char(16).
2024-10-08T18:30:22.758231Z 0 [ERROR] 
2024-10-08T18:30:22.759539Z 0 [ERROR] Incorrect definition of table performance_schema.setup_objects: expected column 'OBJECT_TYPE' at position 0 to have type enum('EVENT','FUNCTION','PROCEDURE','TABLE','TRIGGER', found type enum('TABLE').
2024-10-08T18:30:22.763759Z 0 [ERROR] 
2024-10-08T18:30:22.764600Z 0 [ERROR] 
2024-10-08T18:30:22.765408Z 0 [ERROR] 
2024-10-08T18:30:22.766153Z 0 [ERROR] 
2024-10-08T18:30:22.766920Z 0 [ERROR] 
2024-10-08T18:30:22.768059Z 0 [ERROR] Incorrect definition of table performance_schema.events_stages_summary_by_account_by_event_name: expected column 'USER' at position 0 to have type char(32), found type char(16).
2024-10-08T18:30:22.770910Z 0 [ERROR] Incorrect definition of table performance_schema.events_stages_summary_by_user_by_event_name: expected column 'USER' at position 0 to have type char(32), found type char(16).
2024-10-08T18:30:22.774645Z 0 [ERROR] 
2024-10-08T18:30:22.775461Z 0 [ERROR] 
2024-10-08T18:30:22.776263Z 0 [ERROR] 
2024-10-08T18:30:22.777376Z 0 [ERROR] Incorrect definition of table performance_schema.events_statements_summary_by_account_by_event_name: expected column 'USER' at position 0 to have type char(32), found type char(16).
2024-10-08T18:30:22.780331Z 0 [ERROR] Incorrect definition of table performance_schema.events_statements_summary_by_user_by_event_name: expected column 'USER' at position 0 to have type char(32), found type char(16).
2024-10-08T18:30:22.784026Z 0 [ERROR] 
2024-10-08T18:30:22.784700Z 0 [ERROR] 
2024-10-08T18:30:22.785341Z 0 [ERROR] 
2024-10-08T18:30:22.785985Z 0 [ERROR] 
2024-10-08T18:30:22.786635Z 0 [ERROR] 
2024-10-08T18:30:22.787278Z 0 [ERROR] 
2024-10-08T18:30:22.787923Z 0 [ERROR] 
2024-10-08T18:30:22.788564Z 0 [ERROR] 
2024-10-08T18:30:22.789213Z 0 [ERROR] 
2024-10-08T18:30:22.789962Z 0 [ERROR] Incorrect definition of table performance_schema.users: expected column 'USER' at position 0 to have type char(32), found type char(16).
2024-10-08T18:30:22.792296Z 0 [ERROR] Incorrect definition of table performance_schema.accounts: expected column 'USER' at position 0 to have type char(32), found type char(16).
2024-10-08T18:30:22.796410Z 0 [ERROR] 
2024-10-08T18:30:22.797076Z 0 [ERROR] 
2024-10-08T18:30:22.797719Z 0 [ERROR] 
2024-10-08T18:30:22.798355Z 0 [ERROR] 
2024-10-08T18:30:22.799006Z 0 [ERROR] 
2024-10-08T18:30:22.799648Z 0 [ERROR] 
2024-10-08T18:30:22.800284Z 0 [ERROR] 
2024-10-08T18:30:22.800926Z 0 [ERROR] 
2024-10-08T18:30:22.801560Z 0 [ERROR] 
2024-10-08T18:30:22.802203Z 0 [ERROR] 
2024-10-08T18:30:22.802837Z 0 [ERROR] 
2024-10-08T18:30:22.803470Z 0 [ERROR] 
2024-10-08T18:30:22.804122Z 0 [ERROR] 
2024-10-08T18:30:22.804758Z 0 [ERROR] 
2024-10-08T18:30:22.805398Z 0 [ERROR] 
2024-10-08T18:30:22.806032Z 0 [ERROR] 
2024-10-08T18:30:22.806669Z 0 [ERROR] 
2024-10-08T18:30:22.807302Z 0 [ERROR] 
2024-10-08T18:30:22.807937Z 0 [ERROR] 
2024-10-08T18:30:22.808571Z 0 [ERROR] 
2024-10-08T18:30:22.809222Z 0 [ERROR] 
2024-10-08T18:30:22.809876Z 0 [ERROR] 
2024-10-08T18:30:22.810518Z 0 [ERROR] 
2024-10-08T18:30:22.811157Z 0 [ERROR] 
2024-10-08T18:30:22.811790Z 0 [ERROR] 
2024-10-08T18:30:22.812430Z 0 [ERROR] 
2024-10-08T18:30:22.813255Z 0 [ERROR] Incorrect definition of table mysql.db: expected column 'User' at position 2 to have type char(32), found type char(16).
2024-10-08T18:30:22.815170Z 0 [ERROR] mysql.user has no `Event_priv` column at position 28
2024-10-08T18:30:22.817030Z 0 [ERROR] Event Scheduler: An error occurred when initializing system tables. Disabling the Event Scheduler.
2024-10-08T18:30:22.818911Z 0 [Note] 
2024-10-08T18:52:38.083256Z 2 [ERROR] InnoDB: Table `mysql`.`innodb_table_stats` not found.
2024-10-08T18:52:38.085706Z 2 [ERROR] InnoDB: Fetch of persistent statistics requested for table `synchroclub`.`users` but the required system tables mysql.innodb_table_stats and mysql.innodb_index_stats are not present or have unexpected structure. Using transient stats instead.
2024-10-08T18:52:38.882023Z 2 [ERROR] InnoDB: Table `mysql`.`innodb_table_stats` not found.
2024-10-08T18:52:38.884631Z 2 [ERROR] InnoDB: Fetch of persistent statistics requested for table `synchroclub`.`classes` but the required system tables mysql.innodb_table_stats and mysql.innodb_index_stats are not present or have unexpected structure. Using transient stats instead.
2024-10-09T01:21:39.391151Z 0 [Note] InnoDB: page_cleaner: 1000ms intended loop took 13610813ms. The settings might not be optimal. (flushed=0 and evicted=0, during the time.)
2024-10-09T04:36:20.892082Z 0 [Note] InnoDB: page_cleaner: 1000ms intended loop took 4491090ms. The settings might not be optimal. (flushed=0 and evicted=0, during the time.)
2024-10-09T07:34:44.840701Z 0 [Note] InnoDB: page_cleaner: 1000ms intended loop took 1001205ms. The settings might not be optimal. (flushed=0 and evicted=0, during the time.)
2024-10-10T02:50:21.387901Z 0 [Warning] TIMESTAMP with implicit DEFAULT value is deprecated. Please use --explicit_defaults_for_timestamp server option (see documentation for more details).
2024-10-10T02:50:21.388552Z 0 [Note] --secure-file-priv is set to NULL. Operations related to importing and exporting data are disabled
2024-10-10T02:50:21.389955Z 0 [ERROR] Cannot open Windows EventLog; check privileges, or start server with --log_syslog=0
2024-10-10T02:50:21.390020Z 0 [Note] C:\Users\iliat\Downloads\usbwebserver/mysql/bin/mysqld_usbwv8.exe (mysqld 5.7.36) starting as process 14952 ...
2024-10-10T02:50:21.405658Z 0 [ERROR] Error message file 'C:\Users\iliat\Downloads\usbwebserver\mysql\share\english\errmsg.sys' had only 886 error messages,
                    but it should contain at least 1123 error messages.
                    Check that the above file is the right version for                     this program!
2024-10-10T02:50:21.476796Z 0 [Note] InnoDB: Mutexes and rw_locks use Windows interlocked functions
2024-10-10T02:50:21.478312Z 0 [Note] InnoDB: Uses event mutexes
2024-10-10T02:50:21.479302Z 0 [Note] InnoDB: Memory barrier is not used
2024-10-10T02:50:21.480362Z 0 [Note] InnoDB: Compressed tables use zlib 1.2.11
2024-10-10T02:50:21.482979Z 0 [Note] InnoDB: Number of pools: 1
2024-10-10T02:50:21.484639Z 0 [Note] InnoDB: Not using CPU crc32 instructions
2024-10-10T02:50:21.492118Z 0 [Note] InnoDB: Initializing buffer pool, total size = 128M, instances = 1, chunk size = 128M
2024-10-10T02:50:21.510530Z 0 [Note] InnoDB: Completed initialization of buffer pool
2024-10-10T02:50:21.702323Z 0 [Note] InnoDB: Highest supported file format is Barracuda.
2024-10-10T02:50:21.707837Z 0 [Note] InnoDB: Log scan progressed past the checkpoint lsn 1515767
2024-10-10T02:50:21.710239Z 0 [Note] InnoDB: Doing recovery: scanned up to log sequence number 1515776
2024-10-10T02:50:21.712360Z 0 [Note] InnoDB: Database was not shutdown normally!
2024-10-10T02:50:21.714347Z 0 [Note] InnoDB: Starting crash recovery.
2024-10-10T02:50:22.095069Z 0 [Note] InnoDB: Removed temporary tablespace data file: "ibtmp1"
2024-10-10T02:50:22.096479Z 0 [Note] InnoDB: Creating shared tablespace for temporary tables
2024-10-10T02:50:22.098969Z 0 [Note] InnoDB: Setting file 'C:\Users\iliat\Downloads\usbwebserver\mysql\data\ibtmp1' size to 12 MB. Physically writing the file full; Please wait ...
2024-10-10T02:50:22.138458Z 0 [Note] InnoDB: File 'C:\Users\iliat\Downloads\usbwebserver\mysql\data\ibtmp1' size is now 12 MB.
2024-10-10T02:50:22.162483Z 0 [Note] InnoDB: 96 redo rollback segment(s) found. 96 redo rollback segment(s) are active.
2024-10-10T02:50:22.164841Z 0 [Note] InnoDB: 32 non-redo rollback segment(s) are active.
2024-10-10T02:50:22.167625Z 0 [Note] InnoDB: Waiting for purge to start
2024-10-10T02:50:22.222723Z 0 [Note] InnoDB: 5.7.36 started; log sequence number 1515776
2024-10-10T02:50:22.224898Z 0 [Note] Plugin 'FEDERATED' is disabled.
2024-10-10T02:50:22.224948Z 0 [Note] InnoDB: Loading buffer pool(s) from C:\Users\iliat\Downloads\usbwebserver\mysql\data\ib_buffer_pool
2024-10-10T02:50:22.228943Z 0 [ERROR] InnoDB: Cannot open 'C:\Users\iliat\Downloads\usbwebserver\mysql\data\ib_buffer_pool' for reading: No such file or directory
2024-10-10T02:50:22.263379Z 0 [Warning] System table 'plugin' is expected to be transactional.
2024-10-10T02:50:22.283802Z 0 [Warning] Gtid table is not ready to be used. Table 'mysql.gtid_executed' cannot be opened.
2024-10-10T02:50:22.294708Z 0 [Note] Found ca.pem, server-cert.pem and server-key.pem in data directory. Trying to enable SSL support using them.
2024-10-10T02:50:22.297799Z 0 [Note] Skipping generation of SSL certificates as certificate files are present in data directory.
2024-10-10T02:50:22.300507Z 0 [Warning] 
2024-10-10T02:50:22.301318Z 0 [Warning] 
2024-10-10T02:50:22.381720Z 0 [Warning] CA certificate ca.pem is self signed.
2024-10-10T02:50:22.384368Z 0 [Note] Skipping generation of RSA key pair as key files are present in data directory.
2024-10-10T02:50:22.465618Z 0 [Note] Server hostname (bind-address): '*'; port: 3306
2024-10-10T02:50:22.468957Z 0 [Note] IPv6 is available.
2024-10-10T02:50:22.470183Z 0 [Note]   - '::' resolves to '::';
2024-10-10T02:50:22.471586Z 0 [Note] Server socket created on IP: '::'.
2024-10-10T02:50:22.476480Z 0 [Warning] Failed to open optimizer cost constant tables

2024-10-10T02:50:22.784233Z 0 [Warning] System table 'time_zone_leap_second' is expected to be transactional.
2024-10-10T02:50:22.785774Z 0 [Warning] System table 'time_zone_name' is expected to be transactional.
2024-10-10T02:50:22.787110Z 0 [Warning] System table 'time_zone' is expected to be transactional.
2024-10-10T02:50:22.788420Z 0 [Warning] System table 'time_zone_transition_type' is expected to be transactional.
2024-10-10T02:50:22.790251Z 0 [Warning] System table 'time_zone_transition' is expected to be transactional.
2024-10-10T02:50:22.914669Z 0 [Warning] System table 'servers' is expected to be transactional.
2024-10-10T02:50:22.967686Z 0 [Warning] InnoDB: Cannot open table mysql/slave_master_info from the internal data dictionary of InnoDB though the .frm file for the table exists. Please refer to http://dev.mysql.com/doc/refman/5.7/en/innodb-troubleshooting.html for how to resolve the issue.
2024-10-10T02:50:22.986976Z 0 [Warning] InnoDB: Cannot open table mysql/slave_relay_log_info from the internal data dictionary of InnoDB though the .frm file for the table exists. Please refer to http://dev.mysql.com/doc/refman/5.7/en/innodb-troubleshooting.html for how to resolve the issue.
2024-10-10T02:50:22.991588Z 0 [Warning] InnoDB: Cannot open table mysql/slave_master_info from the internal data dictionary of InnoDB though the .frm file for the table exists. Please refer to http://dev.mysql.com/doc/refman/5.7/en/innodb-troubleshooting.html for how to resolve the issue.
2024-10-10T02:50:22.995503Z 0 [Warning] Info table is not ready to be used. Table 'mysql.slave_master_info' cannot be opened.
2024-10-10T02:50:23.026215Z 0 [Warning] InnoDB: Cannot open table mysql/slave_worker_info from the internal data dictionary of InnoDB though the .frm file for the table exists. Please refer to http://dev.mysql.com/doc/refman/5.7/en/innodb-troubleshooting.html for how to resolve the issue.
2024-10-10T02:50:23.030797Z 0 [Warning] InnoDB: Cannot open table mysql/slave_relay_log_info from the internal data dictionary of InnoDB though the .frm file for the table exists. Please refer to http://dev.mysql.com/doc/refman/5.7/en/innodb-troubleshooting.html for how to resolve the issue.
2024-10-10T02:50:23.035030Z 0 [Warning] Info table is not ready to be used. Table 'mysql.slave_relay_log_info' cannot be opened.
2024-10-10T02:50:23.037089Z 0 [Note] Failed to start slave threads for channel ''
2024-10-10T02:50:23.084853Z 0 [ERROR] Incorrect definition of table performance_schema.events_waits_current: expected column 'NESTING_EVENT_TYPE' at position 15 to have type enum('TRANSACTION','STATEMENT','STAGE','WAIT', found type enum('STATEMENT','STAGE','WAIT').
2024-10-10T02:50:23.117943Z 0 [ERROR] Incorrect definition of table performance_schema.events_waits_history: expected column 'NESTING_EVENT_TYPE' at position 15 to have type enum('TRANSACTION','STATEMENT','STAGE','WAIT', found type enum('STATEMENT','STAGE','WAIT').
2024-10-10T02:50:23.147500Z 0 [ERROR] Incorrect definition of table performance_schema.events_waits_history_long: expected column 'NESTING_EVENT_TYPE' at position 15 to have type enum('TRANSACTION','STATEMENT','STAGE','WAIT', found type enum('STATEMENT','STAGE','WAIT').
2024-10-10T02:50:23.316017Z 0 [ERROR] Incorrect definition of table performance_schema.events_waits_summary_by_user_by_event_name: expected column 'USER' at position 0 to have type char(32), found type char(16).
2024-10-10T02:50:23.368864Z 0 [ERROR] Incorrect definition of table performance_schema.events_waits_summary_by_account_by_event_name: expected column 'USER' at position 0 to have type char(32), found type char(16).
2024-10-10T02:50:23.847633Z 0 [ERROR] 
2024-10-10T02:50:23.927345Z 0 [ERROR] Incorrect definition of table performance_schema.setup_objects: expected column 'OBJECT_TYPE' at position 0 to have type enum('EVENT','FUNCTION','PROCEDURE','TABLE','TRIGGER', found type enum('TABLE').
2024-10-10T02:50:24.037554Z 0 [ERROR] 
2024-10-10T02:50:24.058214Z 0 [ERROR] 
2024-10-10T02:50:24.082696Z 0 [ERROR] 
2024-10-10T02:50:24.106142Z 0 [ERROR] 
2024-10-10T02:50:24.138984Z 0 [ERROR] 
2024-10-10T02:50:24.185784Z 0 [ERROR] Incorrect definition of table performance_schema.events_stages_summary_by_account_by_event_name: expected column 'USER' at position 0 to have type char(32), found type char(16).
2024-10-10T02:50:24.211320Z 0 [ERROR] Incorrect definition of table performance_schema.events_stages_summary_by_user_by_event_name: expected column 'USER' at position 0 to have type char(32), found type char(16).
2024-10-10T02:50:24.283334Z 0 [ERROR] 
2024-10-10T02:50:24.309235Z 0 [ERROR] 
2024-10-10T02:50:24.332251Z 0 [ERROR] 
2024-10-10T02:50:24.377517Z 0 [ERROR] Incorrect definition of table performance_schema.events_statements_summary_by_account_by_event_name: expected column 'USER' at position 0 to have type char(32), found type char(16).
2024-10-10T02:50:24.399490Z 0 [ERROR] Incorrect definition of table performance_schema.events_statements_summary_by_user_by_event_name: expected column 'USER' at position 0 to have type char(32), found type char(16).
2024-10-10T02:50:24.454751Z 0 [ERROR] 
2024-10-10T02:50:24.455443Z 0 [ERROR] 
2024-10-10T02:50:24.456094Z 0 [ERROR] 
2024-10-10T02:50:24.456749Z 0 [ERROR] 
2024-10-10T02:50:24.457401Z 0 [ERROR] 
2024-10-10T02:50:24.458049Z 0 [ERROR] 
2024-10-10T02:50:24.458693Z 0 [ERROR] 
2024-10-10T02:50:24.459338Z 0 [ERROR] 
2024-10-10T02:50:24.459982Z 0 [ERROR] 
2024-10-10T02:50:24.471471Z 0 [ERROR] Incorrect definition of table performance_schema.users: expected column 'USER' at position 0 to have type char(32), found type char(16).
2024-10-10T02:50:24.485018Z 0 [ERROR] Incorrect definition of table performance_schema.accounts: expected column 'USER' at position 0 to have type char(32), found type char(16).
2024-10-10T02:50:24.583478Z 0 [ERROR] 
2024-10-10T02:50:24.584153Z 0 [ERROR] 
2024-10-10T02:50:24.584801Z 0 [ERROR] 
2024-10-10T02:50:24.585442Z 0 [ERROR] 
2024-10-10T02:50:24.586106Z 0 [ERROR] 
2024-10-10T02:50:24.586767Z 0 [ERROR] 
2024-10-10T02:50:24.587412Z 0 [ERROR] 
2024-10-10T02:50:24.588052Z 0 [ERROR] 
2024-10-10T02:50:24.588697Z 0 [ERROR] 
2024-10-10T02:50:24.589333Z 0 [ERROR] 
2024-10-10T02:50:24.589984Z 0 [ERROR] 
2024-10-10T02:50:24.590627Z 0 [ERROR] 
2024-10-10T02:50:24.591280Z 0 [ERROR] 
2024-10-10T02:50:24.591923Z 0 [ERROR] 
2024-10-10T02:50:24.592558Z 0 [ERROR] 
2024-10-10T02:50:24.593201Z 0 [ERROR] 
2024-10-10T02:50:24.593903Z 0 [ERROR] 
2024-10-10T02:50:24.594541Z 0 [ERROR] 
2024-10-10T02:50:24.595180Z 0 [ERROR] 
2024-10-10T02:50:24.595820Z 0 [ERROR] 
2024-10-10T02:50:24.596608Z 0 [ERROR] 
2024-10-10T02:50:24.597340Z 0 [ERROR] 
2024-10-10T02:50:24.597985Z 0 [ERROR] 
2024-10-10T02:50:24.598632Z 0 [ERROR] 
2024-10-10T02:50:24.599279Z 0 [ERROR] 
2024-10-10T02:50:24.599920Z 0 [ERROR] 
2024-10-10T02:50:24.600741Z 0 [ERROR] Incorrect definition of table mysql.db: expected column 'User' at position 2 to have type char(32), found type char(16).
2024-10-10T02:50:24.602663Z 0 [ERROR] mysql.user has no `Event_priv` column at position 28
2024-10-10T02:50:24.624119Z 0 [ERROR] Event Scheduler: An error occurred when initializing system tables. Disabling the Event Scheduler.
2024-10-10T02:50:24.626075Z 0 [Note] 
2024-10-11T04:03:31.103313Z 0 [Warning] TIMESTAMP with implicit DEFAULT value is deprecated. Please use --explicit_defaults_for_timestamp server option (see documentation for more details).
2024-10-11T04:03:31.103528Z 0 [Note] --secure-file-priv is set to NULL. Operations related to importing and exporting data are disabled
2024-10-11T04:03:31.105476Z 0 [ERROR] Cannot open Windows EventLog; check privileges, or start server with --log_syslog=0
2024-10-11T04:03:31.105541Z 0 [Note] C:\Users\iliat\Downloads\usbwebserver/mysql/bin/mysqld_usbwv8.exe (mysqld 5.7.36) starting as process 1560 ...
2024-10-11T04:03:31.125929Z 0 [ERROR] Error message file 'C:\Users\iliat\Downloads\usbwebserver\mysql\share\english\errmsg.sys' had only 886 error messages,
                    but it should contain at least 1123 error messages.
                    Check that the above file is the right version for                     this program!
2024-10-11T04:03:31.216225Z 0 [Note] InnoDB: Mutexes and rw_locks use Windows interlocked functions
2024-10-11T04:03:31.218340Z 0 [Note] InnoDB: Uses event mutexes
2024-10-11T04:03:31.219651Z 0 [Note] InnoDB: Memory barrier is not used
2024-10-11T04:03:31.221132Z 0 [Note] InnoDB: Compressed tables use zlib 1.2.11
2024-10-11T04:03:31.223628Z 0 [Note] InnoDB: Number of pools: 1
2024-10-11T04:03:31.225225Z 0 [Note] InnoDB: Not using CPU crc32 instructions
2024-10-11T04:03:31.234539Z 0 [Note] InnoDB: Initializing buffer pool, total size = 128M, instances = 1, chunk size = 128M
2024-10-11T04:03:31.258497Z 0 [Note] InnoDB: Completed initialization of buffer pool
2024-10-11T04:03:31.368831Z 0 [Note] InnoDB: Highest supported file format is Barracuda.
2024-10-11T04:03:31.373472Z 0 [Note] InnoDB: Log scan progressed past the checkpoint lsn 1515795
2024-10-11T04:03:31.374705Z 0 [Note] InnoDB: Doing recovery: scanned up to log sequence number 1515804
2024-10-11T04:03:31.376384Z 0 [Note] InnoDB: Database was not shutdown normally!
2024-10-11T04:03:31.377404Z 0 [Note] InnoDB: Starting crash recovery.
2024-10-11T04:03:31.706337Z 0 [Note] InnoDB: Removed temporary tablespace data file: "ibtmp1"
2024-10-11T04:03:31.707896Z 0 [Note] InnoDB: Creating shared tablespace for temporary tables
2024-10-11T04:03:31.710272Z 0 [Note] InnoDB: Setting file 'C:\Users\iliat\Downloads\usbwebserver\mysql\data\ibtmp1' size to 12 MB. Physically writing the file full; Please wait ...
2024-10-11T04:03:31.770066Z 0 [Note] InnoDB: File 'C:\Users\iliat\Downloads\usbwebserver\mysql\data\ibtmp1' size is now 12 MB.
2024-10-11T04:03:31.799467Z 0 [Note] InnoDB: 96 redo rollback segment(s) found. 96 redo rollback segment(s) are active.
2024-10-11T04:03:31.802939Z 0 [Note] InnoDB: 32 non-redo rollback segment(s) are active.
2024-10-11T04:03:31.806609Z 0 [Note] InnoDB: Waiting for purge to start
2024-10-11T04:03:31.873003Z 0 [Note] InnoDB: 5.7.36 started; log sequence number 1515804
2024-10-11T04:03:31.876071Z 0 [Note] InnoDB: Loading buffer pool(s) from C:\Users\iliat\Downloads\usbwebserver\mysql\data\ib_buffer_pool
2024-10-11T04:03:31.876603Z 0 [Note] Plugin 'FEDERATED' is disabled.
2024-10-11T04:03:31.880604Z 0 [ERROR] InnoDB: Cannot open 'C:\Users\iliat\Downloads\usbwebserver\mysql\data\ib_buffer_pool' for reading: No such file or directory
2024-10-11T04:03:31.942063Z 0 [Warning] System table 'plugin' is expected to be transactional.
2024-10-11T04:03:31.969682Z 0 [Warning] Gtid table is not ready to be used. Table 'mysql.gtid_executed' cannot be opened.
2024-10-11T04:03:31.984224Z 0 [Note] Found ca.pem, server-cert.pem and server-key.pem in data directory. Trying to enable SSL support using them.
2024-10-11T04:03:31.988037Z 0 [Note] Skipping generation of SSL certificates as certificate files are present in data directory.
2024-10-11T04:03:31.991346Z 0 [Warning] 
2024-10-11T04:03:31.992428Z 0 [Warning] 
2024-10-11T04:03:32.079215Z 0 [Warning] CA certificate ca.pem is self signed.
2024-10-11T04:03:32.082602Z 0 [Note] Skipping generation of RSA key pair as key files are present in data directory.
2024-10-11T04:03:32.139368Z 0 [Note] Server hostname (bind-address): '*'; port: 3306
2024-10-11T04:03:32.142635Z 0 [Note] IPv6 is available.
2024-10-11T04:03:32.144144Z 0 [Note]   - '::' resolves to '::';
2024-10-11T04:03:32.146031Z 0 [Note] Server socket created on IP: '::'.
2024-10-11T04:03:32.152458Z 0 [Warning] Failed to open optimizer cost constant tables

2024-10-11T04:03:32.698421Z 0 [Warning] System table 'time_zone_leap_second' is expected to be transactional.
2024-10-11T04:03:32.701275Z 0 [Warning] System table 'time_zone_name' is expected to be transactional.
2024-10-11T04:03:32.703963Z 0 [Warning] System table 'time_zone' is expected to be transactional.
2024-10-11T04:03:32.706488Z 0 [Warning] System table 'time_zone_transition_type' is expected to be transactional.
2024-10-11T04:03:32.709433Z 0 [Warning] System table 'time_zone_transition' is expected to be transactional.
2024-10-11T04:03:32.923244Z 0 [Warning] System table 'servers' is expected to be transactional.
2024-10-11T04:03:33.004549Z 0 [Warning] InnoDB: Cannot open table mysql/slave_master_info from the internal data dictionary of InnoDB though the .frm file for the table exists. Please refer to http://dev.mysql.com/doc/refman/5.7/en/innodb-troubleshooting.html for how to resolve the issue.
2024-10-11T04:03:33.040613Z 0 [Warning] InnoDB: Cannot open table mysql/slave_relay_log_info from the internal data dictionary of InnoDB though the .frm file for the table exists. Please refer to http://dev.mysql.com/doc/refman/5.7/en/innodb-troubleshooting.html for how to resolve the issue.
2024-10-11T04:03:33.050045Z 0 [Warning] InnoDB: Cannot open table mysql/slave_master_info from the internal data dictionary of InnoDB though the .frm file for the table exists. Please refer to http://dev.mysql.com/doc/refman/5.7/en/innodb-troubleshooting.html for how to resolve the issue.
2024-10-11T04:03:33.057399Z 0 [Warning] Info table is not ready to be used. Table 'mysql.slave_master_info' cannot be opened.
2024-10-11T04:03:33.108439Z 0 [Warning] InnoDB: Cannot open table mysql/slave_worker_info from the internal data dictionary of InnoDB though the .frm file for the table exists. Please refer to http://dev.mysql.com/doc/refman/5.7/en/innodb-troubleshooting.html for how to resolve the issue.
2024-10-11T04:03:33.116749Z 0 [Warning] InnoDB: Cannot open table mysql/slave_relay_log_info from the internal data dictionary of InnoDB though the .frm file for the table exists. Please refer to http://dev.mysql.com/doc/refman/5.7/en/innodb-troubleshooting.html for how to resolve the issue.
2024-10-11T04:03:33.126881Z 0 [Warning] Info table is not ready to be used. Table 'mysql.slave_relay_log_info' cannot be opened.
2024-10-11T04:03:33.132137Z 0 [Note] Failed to start slave threads for channel ''
2024-10-11T04:03:33.217464Z 0 [ERROR] Incorrect definition of table performance_schema.events_waits_current: expected column 'NESTING_EVENT_TYPE' at position 15 to have type enum('TRANSACTION','STATEMENT','STAGE','WAIT', found type enum('STATEMENT','STAGE','WAIT').
2024-10-11T04:03:33.261909Z 0 [ERROR] Incorrect definition of table performance_schema.events_waits_history: expected column 'NESTING_EVENT_TYPE' at position 15 to have type enum('TRANSACTION','STATEMENT','STAGE','WAIT', found type enum('STATEMENT','STAGE','WAIT').
2024-10-11T04:03:33.308323Z 0 [ERROR] Incorrect definition of table performance_schema.events_waits_history_long: expected column 'NESTING_EVENT_TYPE' at position 15 to have type enum('TRANSACTION','STATEMENT','STAGE','WAIT', found type enum('STATEMENT','STAGE','WAIT').
2024-10-11T04:03:33.450040Z 0 [ERROR] Incorrect definition of table performance_schema.events_waits_summary_by_user_by_event_name: expected column 'USER' at position 0 to have type char(32), found type char(16).
2024-10-11T04:03:33.480084Z 0 [ERROR] Incorrect definition of table performance_schema.events_waits_summary_by_account_by_event_name: expected column 'USER' at position 0 to have type char(32), found type char(16).
2024-10-11T04:03:33.604458Z 0 [ERROR] 
2024-10-11T04:03:33.639021Z 0 [ERROR] Incorrect definition of table performance_schema.setup_objects: expected column 'OBJECT_TYPE' at position 0 to have type enum('EVENT','FUNCTION','PROCEDURE','TABLE','TRIGGER', found type enum('TABLE').
2024-10-11T04:03:33.693991Z 0 [ERROR] 
2024-10-11T04:03:33.705569Z 0 [ERROR] 
2024-10-11T04:03:33.718998Z 0 [ERROR] 
2024-10-11T04:03:33.731672Z 0 [ERROR] 
2024-10-11T04:03:33.742564Z 0 [ERROR] 
2024-10-11T04:03:33.763241Z 0 [ERROR] Incorrect definition of table performance_schema.events_stages_summary_by_account_by_event_name: expected column 'USER' at position 0 to have type char(32), found type char(16).
2024-10-11T04:03:33.774721Z 0 [ERROR] Incorrect definition of table performance_schema.events_stages_summary_by_user_by_event_name: expected column 'USER' at position 0 to have type char(32), found type char(16).
2024-10-11T04:03:33.805798Z 0 [ERROR] 
2024-10-11T04:03:33.816986Z 0 [ERROR] 
2024-10-11T04:03:33.830016Z 0 [ERROR] 
2024-10-11T04:03:33.861133Z 0 [ERROR] Incorrect definition of table performance_schema.events_statements_summary_by_account_by_event_name: expected column 'USER' at position 0 to have type char(32), found type char(16).
2024-10-11T04:03:33.877895Z 0 [ERROR] Incorrect definition of table performance_schema.events_statements_summary_by_user_by_event_name: expected column 'USER' at position 0 to have type char(32), found type char(16).
2024-10-11T04:03:33.925121Z 0 [ERROR] 
2024-10-11T04:03:33.925677Z 0 [ERROR] 
2024-10-11T04:03:33.926188Z 0 [ERROR] 
2024-10-11T04:03:33.926694Z 0 [ERROR] 
2024-10-11T04:03:33.927203Z 0 [ERROR] 
2024-10-11T04:03:33.927712Z 0 [ERROR] 
2024-10-11T04:03:33.928223Z 0 [ERROR] 
2024-10-11T04:03:33.928732Z 0 [ERROR] 
2024-10-11T04:03:33.929234Z 0 [ERROR] 
2024-10-11T04:03:33.937846Z 0 [ERROR] Incorrect definition of table performance_schema.users: expected column 'USER' at position 0 to have type char(32), found type char(16).
2024-10-11T04:03:33.946606Z 0 [ERROR] Incorrect definition of table performance_schema.accounts: expected column 'USER' at position 0 to have type char(32), found type char(16).
2024-10-11T04:03:34.008186Z 0 [ERROR] 
2024-10-11T04:03:34.008610Z 0 [ERROR] 
2024-10-11T04:03:34.008995Z 0 [ERROR] 
2024-10-11T04:03:34.009372Z 0 [ERROR] 
2024-10-11T04:03:34.009767Z 0 [ERROR] 
2024-10-11T04:03:34.010140Z 0 [ERROR] 
2024-10-11T04:03:34.010523Z 0 [ERROR] 
2024-10-11T04:03:34.010899Z 0 [ERROR] 
2024-10-11T04:03:34.011280Z 0 [ERROR] 
2024-10-11T04:03:34.011658Z 0 [ERROR] 
2024-10-11T04:03:34.012039Z 0 [ERROR] 
2024-10-11T04:03:34.012415Z 0 [ERROR] 
2024-10-11T04:03:34.012795Z 0 [ERROR] 
2024-10-11T04:03:34.013175Z 0 [ERROR] 
2024-10-11T04:03:34.013551Z 0 [ERROR] 
2024-10-11T04:03:34.013930Z 0 [ERROR] 
2024-10-11T04:03:34.014306Z 0 [ERROR] 
2024-10-11T04:03:34.014693Z 0 [ERROR] 
2024-10-11T04:03:34.015080Z 0 [ERROR] 
2024-10-11T04:03:34.015446Z 0 [ERROR] 
2024-10-11T04:03:34.015821Z 0 [ERROR] 
2024-10-11T04:03:34.016209Z 0 [ERROR] 
2024-10-11T04:03:34.016583Z 0 [ERROR] 
2024-10-11T04:03:34.016953Z 0 [ERROR] 
2024-10-11T04:03:34.017319Z 0 [ERROR] 
2024-10-11T04:03:34.017685Z 0 [ERROR] 
2024-10-11T04:03:34.018158Z 0 [ERROR] Incorrect definition of table mysql.db: expected column 'User' at position 2 to have type char(32), found type char(16).
2024-10-11T04:03:34.019261Z 0 [ERROR] mysql.user has no `Event_priv` column at position 28
2024-10-11T04:03:34.032495Z 0 [ERROR] Event Scheduler: An error occurred when initializing system tables. Disabling the Event Scheduler.
2024-10-11T04:03:34.033671Z 0 [Note] 
2024-10-11T04:05:28.627766Z 2 [ERROR] InnoDB: Table `mysql`.`innodb_table_stats` not found.
2024-10-11T04:05:28.632009Z 2 [ERROR] InnoDB: Fetch of persistent statistics requested for table `synchroclub`.`users` but the required system tables mysql.innodb_table_stats and mysql.innodb_index_stats are not present or have unexpected structure. Using transient stats instead.
2024-10-11T04:05:34.382655Z 3 [ERROR] InnoDB: Table `mysql`.`innodb_table_stats` not found.
2024-10-11T04:05:34.385018Z 3 [ERROR] InnoDB: Fetch of persistent statistics requested for table `synchroclub`.`classes` but the required system tables mysql.innodb_table_stats and mysql.innodb_index_stats are not present or have unexpected structure. Using transient stats instead.
2024-10-11T04:39:04.593891Z 0 [Note] InnoDB: page_cleaner: 1000ms intended loop took 1393555ms. The settings might not be optimal. (flushed=0 and evicted=0, during the time.)
2024-10-11T05:20:03.967778Z 0 [Note] InnoDB: page_cleaner: 1000ms intended loop took 985510ms. The settings might not be optimal. (flushed=0 and evicted=0, during the time.)
2024-10-11T05:57:59.073162Z 0 [Note] InnoDB: page_cleaner: 1000ms intended loop took 1854930ms. The settings might not be optimal. (flushed=0 and evicted=0, during the time.)
2024-10-11T06:25:47.185663Z 0 [Note] InnoDB: page_cleaner: 1000ms intended loop took 792563ms. The settings might not be optimal. (flushed=0 and evicted=0, during the time.)
2024-10-11T06:26:18.997388Z 0 [Warning] TIMESTAMP with implicit DEFAULT value is deprecated. Please use --explicit_defaults_for_timestamp server option (see documentation for more details).
2024-10-11T06:26:18.997493Z 0 [Note] --secure-file-priv is set to NULL. Operations related to importing and exporting data are disabled
2024-10-11T06:26:18.998599Z 0 [ERROR] Cannot open Windows EventLog; check privileges, or start server with --log_syslog=0
2024-10-11T06:26:18.998631Z 0 [Note] C:\Users\iliat\Downloads\usbwebserver/mysql/bin/mysqld_usbwv8.exe (mysqld 5.7.36) starting as process 4584 ...
2024-10-11T06:26:19.000034Z 0 [ERROR] Error message file 'C:\Users\iliat\Downloads\usbwebserver\mysql\share\english\errmsg.sys' had only 886 error messages,
                    but it should contain at least 1123 error messages.
                    Check that the above file is the right version for                     this program!
2024-10-11T06:26:19.036613Z 0 [Note] InnoDB: Mutexes and rw_locks use Windows interlocked functions
2024-10-11T06:26:19.037855Z 0 [Note] InnoDB: Uses event mutexes
2024-10-11T06:26:19.038619Z 0 [Note] InnoDB: Memory barrier is not used
2024-10-11T06:26:19.039482Z 0 [Note] InnoDB: Compressed tables use zlib 1.2.11
2024-10-11T06:26:19.040845Z 0 [Note] InnoDB: Number of pools: 1
2024-10-11T06:26:19.041771Z 0 [Note] InnoDB: Not using CPU crc32 instructions
2024-10-11T06:26:19.047410Z 0 [Note] InnoDB: Initializing buffer pool, total size = 128M, instances = 1, chunk size = 128M
2024-10-11T06:26:19.061494Z 0 [Note] InnoDB: Completed initialization of buffer pool
2024-10-11T06:26:19.080359Z 0 [ERROR] InnoDB: The innodb_system data file 'ibdata1' must be writable
2024-10-11T06:26:19.081598Z 0 [ERROR] InnoDB: The innodb_system data file 'ibdata1' must be writable
2024-10-11T06:26:19.082805Z 0 [ERROR] InnoDB: Plugin initialization aborted with error Generic error
2024-10-11T06:26:19.288038Z 0 [ERROR] Plugin 'InnoDB' init function returned error.
2024-10-11T06:26:19.290356Z 0 [ERROR] Plugin 'InnoDB' registration as a STORAGE ENGINE failed.
2024-10-11T06:26:19.292812Z 0 [ERROR] Failed to initialize builtin plugins.
2024-10-11T06:26:19.294723Z 0 [ERROR] Aborting

2024-10-11T06:26:19.295935Z 0 [Note] Binlog end
2024-10-11T06:26:19.297990Z 0 [Note] Shutting down plugin 'CSV'
2024-10-11T06:26:19.301322Z 0 [Note] 
2024-10-11T06:33:04.211088Z 0 [Note] InnoDB: page_cleaner: 1000ms intended loop took 364409ms. The settings might not be optimal. (flushed=0 and evicted=0, during the time.)
2024-10-11T06:39:43.172073Z 0 [Note] InnoDB: page_cleaner: 1000ms intended loop took 238762ms. The settings might not be optimal. (flushed=0 and evicted=0, during the time.)
2024-10-11T06:48:34.591075Z 0 [Note] InnoDB: page_cleaner: 1000ms intended loop took 108452ms. The settings might not be optimal. (flushed=0 and evicted=0, during the time.)
2024-10-11T10:29:14.153514Z 0 [Note] InnoDB: page_cleaner: 1000ms intended loop took 13157828ms. The settings might not be optimal. (flushed=0 and evicted=0, during the time.)
2024-10-11T15:00:24.206473Z 0 [Note] InnoDB: page_cleaner: 1000ms intended loop took 16266013ms. The settings might not be optimal. (flushed=0 and evicted=0, during the time.)
2024-10-12T05:13:36.558617Z 0 [Warning] TIMESTAMP with implicit DEFAULT value is deprecated. Please use --explicit_defaults_for_timestamp server option (see documentation for more details).
2024-10-12T05:13:36.558811Z 0 [Note] --secure-file-priv is set to NULL. Operations related to importing and exporting data are disabled
2024-10-12T05:13:36.559804Z 0 [ERROR] Cannot open Windows EventLog; check privileges, or start server with --log_syslog=0
2024-10-12T05:13:36.559837Z 0 [Note] C:\Users\iliat\Downloads\usbwebserver/mysql/bin/mysqld_usbwv8.exe (mysqld 5.7.36) starting as process 20156 ...
2024-10-12T05:13:36.574808Z 0 [ERROR] Error message file 'C:\Users\iliat\Downloads\usbwebserver\mysql\share\english\errmsg.sys' had only 886 error messages,
                    but it should contain at least 1123 error messages.
                    Check that the above file is the right version for                     this program!
2024-10-12T05:13:36.657883Z 0 [Note] InnoDB: Mutexes and rw_locks use Windows interlocked functions
2024-10-12T05:13:36.659134Z 0 [Note] InnoDB: Uses event mutexes
2024-10-12T05:13:36.659908Z 0 [Note] InnoDB: Memory barrier is not used
2024-10-12T05:13:36.660785Z 0 [Note] InnoDB: Compressed tables use zlib 1.2.11
2024-10-12T05:13:36.662254Z 0 [Note] InnoDB: Number of pools: 1
2024-10-12T05:13:36.663216Z 0 [Note] InnoDB: Not using CPU crc32 instructions
2024-10-12T05:13:36.669144Z 0 [Note] InnoDB: Initializing buffer pool, total size = 128M, instances = 1, chunk size = 128M
2024-10-12T05:13:36.683918Z 0 [Note] InnoDB: Completed initialization of buffer pool
2024-10-12T05:13:36.754872Z 0 [Note] InnoDB: Highest supported file format is Barracuda.
2024-10-12T05:13:36.760272Z 0 [Note] InnoDB: Log scan progressed past the checkpoint lsn 1516946
2024-10-12T05:13:36.761990Z 0 [Note] InnoDB: Doing recovery: scanned up to log sequence number 1516955
2024-10-12T05:13:36.764080Z 0 [Note] InnoDB: Database was not shutdown normally!
2024-10-12T05:13:36.765181Z 0 [Note] InnoDB: Starting crash recovery.
2024-10-12T05:13:37.070735Z 0 [Note] InnoDB: Removed temporary tablespace data file: "ibtmp1"
2024-10-12T05:13:37.075480Z 0 [Note] InnoDB: Creating shared tablespace for temporary tables
2024-10-12T05:13:37.081527Z 0 [Note] InnoDB: Setting file 'C:\Users\iliat\Downloads\usbwebserver\mysql\data\ibtmp1' size to 12 MB. Physically writing the file full; Please wait ...
2024-10-12T05:13:37.141149Z 0 [Note] InnoDB: File 'C:\Users\iliat\Downloads\usbwebserver\mysql\data\ibtmp1' size is now 12 MB.
2024-10-12T05:13:37.185701Z 0 [Note] InnoDB: 96 redo rollback segment(s) found. 96 redo rollback segment(s) are active.
2024-10-12T05:13:37.190540Z 0 [Note] InnoDB: 32 non-redo rollback segment(s) are active.
2024-10-12T05:13:37.195067Z 0 [Note] InnoDB: Waiting for purge to start
2024-10-12T05:13:37.249891Z 0 [Note] InnoDB: 5.7.36 started; log sequence number 1516955
2024-10-12T05:13:37.257344Z 0 [Note] InnoDB: Loading buffer pool(s) from C:\Users\iliat\Downloads\usbwebserver\mysql\data\ib_buffer_pool
2024-10-12T05:13:37.257502Z 0 [Note] Plugin 'FEDERATED' is disabled.
2024-10-12T05:13:37.265683Z 0 [ERROR] InnoDB: Cannot open 'C:\Users\iliat\Downloads\usbwebserver\mysql\data\ib_buffer_pool' for reading: No such file or directory
2024-10-12T05:13:37.362702Z 0 [Warning] System table 'plugin' is expected to be transactional.
2024-10-12T05:13:37.381522Z 0 [Warning] Gtid table is not ready to be used. Table 'mysql.gtid_executed' cannot be opened.
2024-10-12T05:13:37.389571Z 0 [Note] Found ca.pem, server-cert.pem and server-key.pem in data directory. Trying to enable SSL support using them.
2024-10-12T05:13:37.392358Z 0 [Note] Skipping generation of SSL certificates as certificate files are present in data directory.
2024-10-12T05:13:37.394797Z 0 [Warning] 
2024-10-12T05:13:37.395581Z 0 [Warning] 
2024-10-12T05:13:37.441910Z 0 [Warning] CA certificate ca.pem is self signed.
2024-10-12T05:13:37.443584Z 0 [Note] Skipping generation of RSA key pair as key files are present in data directory.
2024-10-12T05:13:37.469220Z 0 [Note] Server hostname (bind-address): '*'; port: 3306
2024-10-12T05:13:37.470855Z 0 [Note] IPv6 is available.
2024-10-12T05:13:37.471596Z 0 [Note]   - '::' resolves to '::';
2024-10-12T05:13:37.472511Z 0 [Note] Server socket created on IP: '::'.
2024-10-12T05:13:37.474462Z 0 [Warning] Failed to open optimizer cost constant tables

2024-10-12T05:13:37.753793Z 0 [Warning] System table 'time_zone_leap_second' is expected to be transactional.
2024-10-12T05:13:37.755174Z 0 [Warning] System table 'time_zone_name' is expected to be transactional.
2024-10-12T05:13:37.756411Z 0 [Warning] System table 'time_zone' is expected to be transactional.
2024-10-12T05:13:37.757606Z 0 [Warning] System table 'time_zone_transition_type' is expected to be transactional.
2024-10-12T05:13:37.759112Z 0 [Warning] System table 'time_zone_transition' is expected to be transactional.
2024-10-12T05:13:37.873970Z 0 [Warning] System table 'servers' is expected to be transactional.
2024-10-12T05:13:37.914271Z 0 [Warning] InnoDB: Cannot open table mysql/slave_master_info from the internal data dictionary of InnoDB though the .frm file for the table exists. Please refer to http://dev.mysql.com/doc/refman/5.7/en/innodb-troubleshooting.html for how to resolve the issue.
2024-10-12T05:13:37.932977Z 0 [Warning] InnoDB: Cannot open table mysql/slave_relay_log_info from the internal data dictionary of InnoDB though the .frm file for the table exists. Please refer to http://dev.mysql.com/doc/refman/5.7/en/innodb-troubleshooting.html for how to resolve the issue.
2024-10-12T05:13:37.938878Z 0 [Warning] InnoDB: Cannot open table mysql/slave_master_info from the internal data dictionary of InnoDB though the .frm file for the table exists. Please refer to http://dev.mysql.com/doc/refman/5.7/en/innodb-troubleshooting.html for how to resolve the issue.
2024-10-12T05:13:37.944236Z 0 [Warning] Info table is not ready to be used. Table 'mysql.slave_master_info' cannot be opened.
2024-10-12T05:13:37.971186Z 0 [Warning] InnoDB: Cannot open table mysql/slave_worker_info from the internal data dictionary of InnoDB though the .frm file for the table exists. Please refer to http://dev.mysql.com/doc/refman/5.7/en/innodb-troubleshooting.html for how to resolve the issue.
2024-10-12T05:13:37.976190Z 0 [Warning] InnoDB: Cannot open table mysql/slave_relay_log_info from the internal data dictionary of InnoDB though the .frm file for the table exists. Please refer to http://dev.mysql.com/doc/refman/5.7/en/innodb-troubleshooting.html for how to resolve the issue.
2024-10-12T05:13:37.980108Z 0 [Warning] Info table is not ready to be used. Table 'mysql.slave_relay_log_info' cannot be opened.
2024-10-12T05:13:37.981889Z 0 [Note] Failed to start slave threads for channel ''
2024-10-12T05:13:38.020189Z 0 [ERROR] Incorrect definition of table performance_schema.events_waits_current: expected column 'NESTING_EVENT_TYPE' at position 15 to have type enum('TRANSACTION','STATEMENT','STAGE','WAIT', found type enum('STATEMENT','STAGE','WAIT').
2024-10-12T05:13:38.044841Z 0 [ERROR] Incorrect definition of table performance_schema.events_waits_history: expected column 'NESTING_EVENT_TYPE' at position 15 to have type enum('TRANSACTION','STATEMENT','STAGE','WAIT', found type enum('STATEMENT','STAGE','WAIT').
2024-10-12T05:13:38.068376Z 0 [ERROR] Incorrect definition of table performance_schema.events_waits_history_long: expected column 'NESTING_EVENT_TYPE' at position 15 to have type enum('TRANSACTION','STATEMENT','STAGE','WAIT', found type enum('STATEMENT','STAGE','WAIT').
2024-10-12T05:13:38.198826Z 0 [ERROR] Incorrect definition of table performance_schema.events_waits_summary_by_user_by_event_name: expected column 'USER' at position 0 to have type char(32), found type char(16).
2024-10-12T05:13:38.245007Z 0 [ERROR] Incorrect definition of table performance_schema.events_waits_summary_by_account_by_event_name: expected column 'USER' at position 0 to have type char(32), found type char(16).
2024-10-12T05:13:38.554205Z 0 [ERROR] 
2024-10-12T05:13:38.619708Z 0 [ERROR] Incorrect definition of table performance_schema.setup_objects: expected column 'OBJECT_TYPE' at position 0 to have type enum('EVENT','FUNCTION','PROCEDURE','TABLE','TRIGGER', found type enum('TABLE').
2024-10-12T05:13:38.722232Z 0 [ERROR] 
2024-10-12T05:13:38.745571Z 0 [ERROR] 
2024-10-12T05:13:38.772225Z 0 [ERROR] 
2024-10-12T05:13:38.795916Z 0 [ERROR] 
2024-10-12T05:13:38.822625Z 0 [ERROR] 
2024-10-12T05:13:38.881580Z 0 [ERROR] Incorrect definition of table performance_schema.events_stages_summary_by_account_by_event_name: expected column 'USER' at position 0 to have type char(32), found type char(16).
2024-10-12T05:13:38.906698Z 0 [ERROR] Incorrect definition of table performance_schema.events_stages_summary_by_user_by_event_name: expected column 'USER' at position 0 to have type char(32), found type char(16).
2024-10-12T05:13:38.963150Z 0 [ERROR] 
2024-10-12T05:13:38.982666Z 0 [ERROR] 
2024-10-12T05:13:39.003386Z 0 [ERROR] 
2024-10-12T05:13:39.046553Z 0 [ERROR] Incorrect definition of table performance_schema.events_statements_summary_by_account_by_event_name: expected column 'USER' at position 0 to have type char(32), found type char(16).
2024-10-12T05:13:39.067043Z 0 [ERROR] Incorrect definition of table performance_schema.events_statements_summary_by_user_by_event_name: expected column 'USER' at position 0 to have type char(32), found type char(16).
2024-10-12T05:13:39.122929Z 0 [ERROR] 
2024-10-12T05:13:39.123629Z 0 [ERROR] 
2024-10-12T05:13:39.124274Z 0 [ERROR] 
2024-10-12T05:13:39.124920Z 0 [ERROR] 
2024-10-12T05:13:39.125564Z 0 [ERROR] 
2024-10-12T05:13:39.126207Z 0 [ERROR] 
2024-10-12T05:13:39.126858Z 0 [ERROR] 
2024-10-12T05:13:39.127498Z 0 [ERROR] 
2024-10-12T05:13:39.128156Z 0 [ERROR] 
2024-10-12T05:13:39.140088Z 0 [ERROR] Incorrect definition of table performance_schema.users: expected column 'USER' at position 0 to have type char(32), found type char(16).
2024-10-12T05:13:39.154778Z 0 [ERROR] Incorrect definition of table performance_schema.accounts: expected column 'USER' at position 0 to have type char(32), found type char(16).
2024-10-12T05:13:39.251936Z 0 [ERROR] 
2024-10-12T05:13:39.252609Z 0 [ERROR] 
2024-10-12T05:13:39.253272Z 0 [ERROR] 
2024-10-12T05:13:39.253916Z 0 [ERROR] 
2024-10-12T05:13:39.254584Z 0 [ERROR] 
2024-10-12T05:13:39.255227Z 0 [ERROR] 
2024-10-12T05:13:39.255884Z 0 [ERROR] 
2024-10-12T05:13:39.256543Z 0 [ERROR] 
2024-10-12T05:13:39.257185Z 0 [ERROR] 
2024-10-12T05:13:39.257837Z 0 [ERROR] 
2024-10-12T05:13:39.258473Z 0 [ERROR] 
2024-10-12T05:13:39.259109Z 0 [ERROR] 
2024-10-12T05:13:39.259758Z 0 [ERROR] 
2024-10-12T05:13:39.260422Z 0 [ERROR] 
2024-10-12T05:13:39.261054Z 0 [ERROR] 
2024-10-12T05:13:39.261686Z 0 [ERROR] 
2024-10-12T05:13:39.262351Z 0 [ERROR] 
2024-10-12T05:13:39.262986Z 0 [ERROR] 
2024-10-12T05:13:39.263643Z 0 [ERROR] 
2024-10-12T05:13:39.264279Z 0 [ERROR] 
2024-10-12T05:13:39.264953Z 0 [ERROR] 
2024-10-12T05:13:39.265601Z 0 [ERROR] 
2024-10-12T05:13:39.266236Z 0 [ERROR] 
2024-10-12T05:13:39.266869Z 0 [ERROR] 
2024-10-12T05:13:39.267507Z 0 [ERROR] 
2024-10-12T05:13:39.268140Z 0 [ERROR] 
2024-10-12T05:13:39.268890Z 0 [ERROR] Incorrect definition of table mysql.db: expected column 'User' at position 2 to have type char(32), found type char(16).
2024-10-12T05:13:39.270871Z 0 [ERROR] mysql.user has no `Event_priv` column at position 28
2024-10-12T05:13:39.291956Z 0 [ERROR] Event Scheduler: An error occurred when initializing system tables. Disabling the Event Scheduler.
2024-10-12T05:13:39.293884Z 0 [Note] 
2024-10-12T19:35:33.182089Z 0 [Warning] TIMESTAMP with implicit DEFAULT value is deprecated. Please use --explicit_defaults_for_timestamp server option (see documentation for more details).
2024-10-12T19:35:33.182188Z 0 [Note] --secure-file-priv is set to NULL. Operations related to importing and exporting data are disabled
2024-10-12T19:35:33.182764Z 0 [ERROR] Cannot open Windows EventLog; check privileges, or start server with --log_syslog=0
2024-10-12T19:35:33.182791Z 0 [Note] C:\Users\iliat\Downloads\usbwebserver/mysql/bin/mysqld_usbwv8.exe (mysqld 5.7.36) starting as process 10100 ...
2024-10-12T19:35:33.189636Z 0 [ERROR] Error message file 'C:\Users\iliat\Downloads\usbwebserver\mysql\share\english\errmsg.sys' had only 886 error messages,
                    but it should contain at least 1123 error messages.
                    Check that the above file is the right version for                     this program!
2024-10-12T19:35:33.217081Z 0 [Note] InnoDB: Mutexes and rw_locks use Windows interlocked functions
2024-10-12T19:35:33.217694Z 0 [Note] InnoDB: Uses event mutexes
2024-10-12T19:35:33.218076Z 0 [Note] InnoDB: Memory barrier is not used
2024-10-12T19:35:33.218505Z 0 [Note] InnoDB: Compressed tables use zlib 1.2.11
2024-10-12T19:35:33.219235Z 0 [Note] InnoDB: Number of pools: 1
2024-10-12T19:35:33.219708Z 0 [Note] InnoDB: Not using CPU crc32 instructions
2024-10-12T19:35:33.222715Z 0 [Note] InnoDB: Initializing buffer pool, total size = 128M, instances = 1, chunk size = 128M
2024-10-12T19:35:33.229640Z 0 [Note] InnoDB: Completed initialization of buffer pool
2024-10-12T19:35:33.290379Z 0 [Note] InnoDB: Highest supported file format is Barracuda.
2024-10-12T19:35:33.293834Z 0 [Note] InnoDB: Log scan progressed past the checkpoint lsn 1516974
2024-10-12T19:35:33.294424Z 0 [Note] InnoDB: Doing recovery: scanned up to log sequence number 1516983
2024-10-12T19:35:33.295092Z 0 [Note] InnoDB: Database was not shutdown normally!
2024-10-12T19:35:33.295576Z 0 [Note] InnoDB: Starting crash recovery.
2024-10-12T19:35:33.526415Z 0 [Note] InnoDB: Removed temporary tablespace data file: "ibtmp1"
2024-10-12T19:35:33.527047Z 0 [Note] InnoDB: Creating shared tablespace for temporary tables
2024-10-12T19:35:33.528118Z 0 [Note] InnoDB: Setting file 'C:\Users\iliat\Downloads\usbwebserver\mysql\data\ibtmp1' size to 12 MB. Physically writing the file full; Please wait ...
2024-10-12T19:35:33.549188Z 0 [Note] InnoDB: File 'C:\Users\iliat\Downloads\usbwebserver\mysql\data\ibtmp1' size is now 12 MB.
2024-10-12T19:35:33.559489Z 0 [Note] InnoDB: 96 redo rollback segment(s) found. 96 redo rollback segment(s) are active.
2024-10-12T19:35:33.560255Z 0 [Note] InnoDB: 32 non-redo rollback segment(s) are active.
2024-10-12T19:35:33.561161Z 0 [Note] InnoDB: Waiting for purge to start
2024-10-12T19:35:33.625686Z 0 [Note] InnoDB: 5.7.36 started; log sequence number 1516983
2024-10-12T19:35:33.626560Z 0 [Note] Plugin 'FEDERATED' is disabled.
2024-10-12T19:35:33.626660Z 0 [Note] InnoDB: Loading buffer pool(s) from C:\Users\iliat\Downloads\usbwebserver\mysql\data\ib_buffer_pool
2024-10-12T19:35:33.627959Z 0 [ERROR] InnoDB: Cannot open 'C:\Users\iliat\Downloads\usbwebserver\mysql\data\ib_buffer_pool' for reading: No such file or directory
2024-10-12T19:35:33.641004Z 0 [Warning] System table 'plugin' is expected to be transactional.
2024-10-12T19:35:33.647816Z 0 [Warning] Gtid table is not ready to be used. Table 'mysql.gtid_executed' cannot be opened.
2024-10-12T19:35:33.652489Z 0 [Note] Found ca.pem, server-cert.pem and server-key.pem in data directory. Trying to enable SSL support using them.
2024-10-12T19:35:33.653398Z 0 [Note] Skipping generation of SSL certificates as certificate files are present in data directory.
2024-10-12T19:35:33.654189Z 0 [Warning] 
2024-10-12T19:35:33.654442Z 0 [Warning] 
2024-10-12T19:35:33.678408Z 0 [Warning] CA certificate ca.pem is self signed.
2024-10-12T19:35:33.679124Z 0 [Note] Skipping generation of RSA key pair as key files are present in data directory.
2024-10-12T19:35:33.694457Z 0 [Note] Server hostname (bind-address): '*'; port: 3306
2024-10-12T19:35:33.695316Z 0 [Note] IPv6 is available.
2024-10-12T19:35:33.696916Z 0 [Note]   - '::' resolves to '::';
2024-10-12T19:35:33.697388Z 0 [Note] Server socket created on IP: '::'.
2024-10-12T19:35:33.698838Z 0 [Warning] Failed to open optimizer cost constant tables

2024-10-12T19:35:33.822868Z 0 [Warning] System table 'time_zone_leap_second' is expected to be transactional.
2024-10-12T19:35:33.823570Z 0 [Warning] System table 'time_zone_name' is expected to be transactional.
2024-10-12T19:35:33.824210Z 0 [Warning] System table 'time_zone' is expected to be transactional.
2024-10-12T19:35:33.824817Z 0 [Warning] System table 'time_zone_transition_type' is expected to be transactional.
2024-10-12T19:35:33.825525Z 0 [Warning] System table 'time_zone_transition' is expected to be transactional.
2024-10-12T19:35:33.875106Z 0 [Warning] System table 'servers' is expected to be transactional.
2024-10-12T19:35:33.896333Z 0 [Warning] InnoDB: Cannot open table mysql/slave_master_info from the internal data dictionary of InnoDB though the .frm file for the table exists. Please refer to http://dev.mysql.com/doc/refman/5.7/en/innodb-troubleshooting.html for how to resolve the issue.
2024-10-12T19:35:33.904890Z 0 [Warning] InnoDB: Cannot open table mysql/slave_relay_log_info from the internal data dictionary of InnoDB though the .frm file for the table exists. Please refer to http://dev.mysql.com/doc/refman/5.7/en/innodb-troubleshooting.html for how to resolve the issue.
2024-10-12T19:35:33.906908Z 0 [Warning] InnoDB: Cannot open table mysql/slave_master_info from the internal data dictionary of InnoDB though the .frm file for the table exists. Please refer to http://dev.mysql.com/doc/refman/5.7/en/innodb-troubleshooting.html for how to resolve the issue.
2024-10-12T19:35:33.908755Z 0 [Warning] Info table is not ready to be used. Table 'mysql.slave_master_info' cannot be opened.
2024-10-12T19:35:33.920183Z 0 [Warning] InnoDB: Cannot open table mysql/slave_worker_info from the internal data dictionary of InnoDB though the .frm file for the table exists. Please refer to http://dev.mysql.com/doc/refman/5.7/en/innodb-troubleshooting.html for how to resolve the issue.
2024-10-12T19:35:33.922136Z 0 [Warning] InnoDB: Cannot open table mysql/slave_relay_log_info from the internal data dictionary of InnoDB though the .frm file for the table exists. Please refer to http://dev.mysql.com/doc/refman/5.7/en/innodb-troubleshooting.html for how to resolve the issue.
2024-10-12T19:35:33.923963Z 0 [Warning] Info table is not ready to be used. Table 'mysql.slave_relay_log_info' cannot be opened.
2024-10-12T19:35:33.924831Z 0 [Note] Failed to start slave threads for channel ''
2024-10-12T19:35:33.945277Z 0 [ERROR] Incorrect definition of table performance_schema.events_waits_current: expected column 'NESTING_EVENT_TYPE' at position 15 to have type enum('TRANSACTION','STATEMENT','STAGE','WAIT', found type enum('STATEMENT','STAGE','WAIT').
2024-10-12T19:35:33.955707Z 0 [ERROR] Incorrect definition of table performance_schema.events_waits_history: expected column 'NESTING_EVENT_TYPE' at position 15 to have type enum('TRANSACTION','STATEMENT','STAGE','WAIT', found type enum('STATEMENT','STAGE','WAIT').
2024-10-12T19:35:33.967235Z 0 [ERROR] Incorrect definition of table performance_schema.events_waits_history_long: expected column 'NESTING_EVENT_TYPE' at position 15 to have type enum('TRANSACTION','STATEMENT','STAGE','WAIT', found type enum('STATEMENT','STAGE','WAIT').
2024-10-12T19:35:34.004857Z 0 [ERROR] Incorrect definition of table performance_schema.events_waits_summary_by_user_by_event_name: expected column 'USER' at position 0 to have type char(32), found type char(16).
2024-10-12T19:35:34.014179Z 0 [ERROR] Incorrect definition of table performance_schema.events_waits_summary_by_account_by_event_name: expected column 'USER' at position 0 to have type char(32), found type char(16).
2024-10-12T19:35:34.101074Z 0 [ERROR] 
2024-10-12T19:35:34.124457Z 0 [ERROR] Incorrect definition of table performance_schema.setup_objects: expected column 'OBJECT_TYPE' at position 0 to have type enum('EVENT','FUNCTION','PROCEDURE','TABLE','TRIGGER', found type enum('TABLE').
2024-10-12T19:35:34.158750Z 0 [ERROR] 
2024-10-12T19:35:34.166782Z 0 [ERROR] 
2024-10-12T19:35:34.175452Z 0 [ERROR] 
2024-10-12T19:35:34.193557Z 0 [ERROR] 
2024-10-12T19:35:34.205594Z 0 [ERROR] 
2024-10-12T19:35:34.223398Z 0 [ERROR] Incorrect definition of table performance_schema.events_stages_summary_by_account_by_event_name: expected column 'USER' at position 0 to have type char(32), found type char(16).
2024-10-12T19:35:34.233224Z 0 [ERROR] Incorrect definition of table performance_schema.events_stages_summary_by_user_by_event_name: expected column 'USER' at position 0 to have type char(32), found type char(16).
2024-10-12T19:35:34.274112Z 0 [ERROR] 
2024-10-12T19:35:34.282888Z 0 [ERROR] 
2024-10-12T19:35:34.291683Z 0 [ERROR] 
2024-10-12T19:35:34.309455Z 0 [ERROR] Incorrect definition of table performance_schema.events_statements_summary_by_account_by_event_name: expected column 'USER' at position 0 to have type char(32), found type char(16).
2024-10-12T19:35:34.318601Z 0 [ERROR] Incorrect definition of table performance_schema.events_statements_summary_by_user_by_event_name: expected column 'USER' at position 0 to have type char(32), found type char(16).
2024-10-12T19:35:34.346587Z 0 [ERROR] 
2024-10-12T19:35:34.346937Z 0 [ERROR] 
2024-10-12T19:35:34.347256Z 0 [ERROR] 
2024-10-12T19:35:34.347578Z 0 [ERROR] 
2024-10-12T19:35:34.347899Z 0 [ERROR] 
2024-10-12T19:35:34.348218Z 0 [ERROR] 
2024-10-12T19:35:34.348539Z 0 [ERROR] 
2024-10-12T19:35:34.348855Z 0 [ERROR] 
2024-10-12T19:35:34.349173Z 0 [ERROR] 
2024-10-12T19:35:34.355579Z 0 [ERROR] Incorrect definition of table performance_schema.users: expected column 'USER' at position 0 to have type char(32), found type char(16).
2024-10-12T19:35:34.362813Z 0 [ERROR] Incorrect definition of table performance_schema.accounts: expected column 'USER' at position 0 to have type char(32), found type char(16).
2024-10-12T19:35:34.415290Z 0 [ERROR] 
2024-10-12T19:35:34.415627Z 0 [ERROR] 
2024-10-12T19:35:34.415954Z 0 [ERROR] 
2024-10-12T19:35:34.416273Z 0 [ERROR] 
2024-10-12T19:35:34.416599Z 0 [ERROR] 
2024-10-12T19:35:34.416920Z 0 [ERROR] 
2024-10-12T19:35:34.417238Z 0 [ERROR] 
2024-10-12T19:35:34.417555Z 0 [ERROR] 
2024-10-12T19:35:34.417904Z 0 [ERROR] 
2024-10-12T19:35:34.418223Z 0 [ERROR] 
2024-10-12T19:35:34.418540Z 0 [ERROR] 
2024-10-12T19:35:34.418857Z 0 [ERROR] 
2024-10-12T19:35:34.419174Z 0 [ERROR] 
2024-10-12T19:35:34.419490Z 0 [ERROR] 
2024-10-12T19:35:34.419807Z 0 [ERROR] 
2024-10-12T19:35:34.420202Z 0 [ERROR] 
2024-10-12T19:35:34.420550Z 0 [ERROR] 
2024-10-12T19:35:34.420873Z 0 [ERROR] 
2024-10-12T19:35:34.421190Z 0 [ERROR] 
2024-10-12T19:35:34.421508Z 0 [ERROR] 
2024-10-12T19:35:34.421836Z 0 [ERROR] 
2024-10-12T19:35:34.422173Z 0 [ERROR] 
2024-10-12T19:35:34.422493Z 0 [ERROR] 
2024-10-12T19:35:34.422810Z 0 [ERROR] 
2024-10-12T19:35:34.423128Z 0 [ERROR] 
2024-10-12T19:35:34.423446Z 0 [ERROR] 
2024-10-12T19:35:34.423860Z 0 [ERROR] Incorrect definition of table mysql.db: expected column 'User' at position 2 to have type char(32), found type char(16).
2024-10-12T19:35:34.424820Z 0 [ERROR] mysql.user has no `Event_priv` column at position 28
2024-10-12T19:35:34.436908Z 0 [ERROR] Event Scheduler: An error occurred when initializing system tables. Disabling the Event Scheduler.
2024-10-12T19:35:34.437895Z 0 [Note] 
2024-10-12T19:41:54.826946Z 0 [Warning] TIMESTAMP with implicit DEFAULT value is deprecated. Please use --explicit_defaults_for_timestamp server option (see documentation for more details).
2024-10-12T19:41:54.827080Z 0 [Note] --secure-file-priv is set to NULL. Operations related to importing and exporting data are disabled
2024-10-12T19:41:54.828205Z 0 [ERROR] Cannot open Windows EventLog; check privileges, or start server with --log_syslog=0
2024-10-12T19:41:54.828241Z 0 [Note] C:\Users\iliat\Downloads\usbwebserver/mysql/bin/mysqld_usbwv8.exe (mysqld 5.7.36) starting as process 9536 ...
2024-10-12T19:41:54.829306Z 0 [ERROR] Error message file 'C:\Users\iliat\Downloads\usbwebserver\mysql\share\english\errmsg.sys' had only 886 error messages,
                    but it should contain at least 1123 error messages.
                    Check that the above file is the right version for                     this program!
2024-10-12T19:41:54.875559Z 0 [Note] InnoDB: Mutexes and rw_locks use Windows interlocked functions
2024-10-12T19:41:54.876829Z 0 [Note] InnoDB: Uses event mutexes
2024-10-12T19:41:54.877607Z 0 [Note] InnoDB: Memory barrier is not used
2024-10-12T19:41:54.878483Z 0 [Note] InnoDB: Compressed tables use zlib 1.2.11
2024-10-12T19:41:54.880017Z 0 [Note] InnoDB: Number of pools: 1
2024-10-12T19:41:54.880978Z 0 [Note] InnoDB: Not using CPU crc32 instructions
2024-10-12T19:41:54.886634Z 0 [Note] InnoDB: Initializing buffer pool, total size = 128M, instances = 1, chunk size = 128M
2024-10-12T19:41:54.900325Z 0 [Note] InnoDB: Completed initialization of buffer pool
2024-10-12T19:41:55.044732Z 0 [Note] InnoDB: Highest supported file format is Barracuda.
2024-10-12T19:41:55.049747Z 0 [Note] InnoDB: Log scan progressed past the checkpoint lsn 1517002
2024-10-12T19:41:55.050941Z 0 [Note] InnoDB: Doing recovery: scanned up to log sequence number 1517011
2024-10-12T19:41:55.052170Z 0 [Note] InnoDB: Database was not shutdown normally!
2024-10-12T19:41:55.053135Z 0 [Note] InnoDB: Starting crash recovery.
2024-10-12T19:41:55.325895Z 0 [Note] InnoDB: Removed temporary tablespace data file: "ibtmp1"
2024-10-12T19:41:55.327086Z 0 [Note] InnoDB: Creating shared tablespace for temporary tables
2024-10-12T19:41:55.329074Z 0 [Note] InnoDB: Setting file 'C:\Users\iliat\Downloads\usbwebserver\mysql\data\ibtmp1' size to 12 MB. Physically writing the file full; Please wait ...
2024-10-12T19:41:55.383849Z 0 [Note] InnoDB: File 'C:\Users\iliat\Downloads\usbwebserver\mysql\data\ibtmp1' size is now 12 MB.
2024-10-12T19:41:55.401137Z 0 [Note] InnoDB: 96 redo rollback segment(s) found. 96 redo rollback segment(s) are active.
2024-10-12T19:41:55.403105Z 0 [Note] InnoDB: 32 non-redo rollback segment(s) are active.
2024-10-12T19:41:55.404813Z 0 [Note] InnoDB: Waiting for purge to start
2024-10-12T19:41:55.470190Z 0 [Note] InnoDB: 5.7.36 started; log sequence number 1517011
2024-10-12T19:41:55.473138Z 0 [Note] InnoDB: Loading buffer pool(s) from C:\Users\iliat\Downloads\usbwebserver\mysql\data\ib_buffer_pool
2024-10-12T19:41:55.473241Z 0 [Note] Plugin 'FEDERATED' is disabled.
2024-10-12T19:41:55.475609Z 0 [ERROR] InnoDB: Cannot open 'C:\Users\iliat\Downloads\usbwebserver\mysql\data\ib_buffer_pool' for reading: No such file or directory
2024-10-12T19:41:55.482372Z 0 [Warning] System table 'plugin' is expected to be transactional.
2024-10-12T19:41:55.487477Z 0 [Warning] Gtid table is not ready to be used. Table 'mysql.gtid_executed' cannot be opened.
2024-10-12T19:41:55.498440Z 0 [Note] Found ca.pem, server-cert.pem and server-key.pem in data directory. Trying to enable SSL support using them.
2024-10-12T19:41:55.507936Z 0 [Note] Skipping generation of SSL certificates as certificate files are present in data directory.
2024-10-12T19:41:55.538107Z 0 [Warning] 
2024-10-12T19:41:55.542297Z 0 [Warning] 
2024-10-12T19:41:55.550433Z 0 [Warning] CA certificate ca.pem is self signed.
2024-10-12T19:41:55.553782Z 0 [Note] Skipping generation of RSA key pair as key files are present in data directory.
2024-10-12T19:41:55.562154Z 0 [Note] Server hostname (bind-address): '*'; port: 3306
2024-10-12T19:41:55.570245Z 0 [Note] IPv6 is available.
2024-10-12T19:41:55.574187Z 0 [Note]   - '::' resolves to '::';
2024-10-12T19:41:55.577397Z 0 [Note] Server socket created on IP: '::'.
2024-10-12T19:41:55.583253Z 0 [Warning] Failed to open optimizer cost constant tables

2024-10-12T19:41:55.626787Z 0 [Warning] System table 'time_zone_leap_second' is expected to be transactional.
2024-10-12T19:41:55.628160Z 0 [Warning] System table 'time_zone_name' is expected to be transactional.
2024-10-12T19:41:55.629419Z 0 [Warning] System table 'time_zone' is expected to be transactional.
2024-10-12T19:41:55.630831Z 0 [Warning] System table 'time_zone_transition_type' is expected to be transactional.
2024-10-12T19:41:55.632861Z 0 [Warning] System table 'time_zone_transition' is expected to be transactional.
2024-10-12T19:41:55.640003Z 0 [Warning] System table 'servers' is expected to be transactional.
2024-10-12T19:41:55.642803Z 0 [Warning] InnoDB: Cannot open table mysql/slave_master_info from the internal data dictionary of InnoDB though the .frm file for the table exists. Please refer to http://dev.mysql.com/doc/refman/5.7/en/innodb-troubleshooting.html for how to resolve the issue.
2024-10-12T19:41:55.646813Z 0 [Warning] InnoDB: Cannot open table mysql/slave_relay_log_info from the internal data dictionary of InnoDB though the .frm file for the table exists. Please refer to http://dev.mysql.com/doc/refman/5.7/en/innodb-troubleshooting.html for how to resolve the issue.
2024-10-12T19:41:55.650533Z 0 [Warning] InnoDB: Cannot open table mysql/slave_master_info from the internal data dictionary of InnoDB though the .frm file for the table exists. Please refer to http://dev.mysql.com/doc/refman/5.7/en/innodb-troubleshooting.html for how to resolve the issue.
2024-10-12T19:41:55.654015Z 0 [Warning] Info table is not ready to be used. Table 'mysql.slave_master_info' cannot be opened.
2024-10-12T19:41:55.658348Z 0 [Warning] InnoDB: Cannot open table mysql/slave_worker_info from the internal data dictionary of InnoDB though the .frm file for the table exists. Please refer to http://dev.mysql.com/doc/refman/5.7/en/innodb-troubleshooting.html for how to resolve the issue.
2024-10-12T19:41:55.662395Z 0 [Warning] InnoDB: Cannot open table mysql/slave_relay_log_info from the internal data dictionary of InnoDB though the .frm file for the table exists. Please refer to http://dev.mysql.com/doc/refman/5.7/en/innodb-troubleshooting.html for how to resolve the issue.
2024-10-12T19:41:55.666075Z 0 [Warning] Info table is not ready to be used. Table 'mysql.slave_relay_log_info' cannot be opened.
2024-10-12T19:41:55.667798Z 0 [Note] Failed to start slave threads for channel ''
2024-10-12T19:41:55.669554Z 0 [ERROR] Incorrect definition of table performance_schema.events_waits_current: expected column 'NESTING_EVENT_TYPE' at position 15 to have type enum('TRANSACTION','STATEMENT','STAGE','WAIT', found type enum('STATEMENT','STAGE','WAIT').
2024-10-12T19:41:55.674269Z 0 [ERROR] Incorrect definition of table performance_schema.events_waits_history: expected column 'NESTING_EVENT_TYPE' at position 15 to have type enum('TRANSACTION','STATEMENT','STAGE','WAIT', found type enum('STATEMENT','STAGE','WAIT').
2024-10-12T19:41:55.678167Z 0 [ERROR] Incorrect definition of table performance_schema.events_waits_history_long: expected column 'NESTING_EVENT_TYPE' at position 15 to have type enum('TRANSACTION','STATEMENT','STAGE','WAIT', found type enum('STATEMENT','STAGE','WAIT').
2024-10-12T19:41:55.682648Z 0 [ERROR] Incorrect definition of table performance_schema.events_waits_summary_by_user_by_event_name: expected column 'USER' at position 0 to have type char(32), found type char(16).
2024-10-12T19:41:55.685511Z 0 [ERROR] Incorrect definition of table performance_schema.events_waits_summary_by_account_by_event_name: expected column 'USER' at position 0 to have type char(32), found type char(16).
2024-10-12T19:41:55.693965Z 0 [ERROR] 
2024-10-12T19:41:55.695707Z 0 [ERROR] Incorrect definition of table performance_schema.setup_objects: expected column 'OBJECT_TYPE' at position 0 to have type enum('EVENT','FUNCTION','PROCEDURE','TABLE','TRIGGER', found type enum('TABLE').
2024-10-12T19:41:55.700103Z 0 [ERROR] 
2024-10-12T19:41:55.700894Z 0 [ERROR] 
2024-10-12T19:41:55.701654Z 0 [ERROR] 
2024-10-12T19:41:55.702403Z 0 [ERROR] 
2024-10-12T19:41:55.703215Z 0 [ERROR] 
2024-10-12T19:41:55.704411Z 0 [ERROR] Incorrect definition of table performance_schema.events_stages_summary_by_account_by_event_name: expected column 'USER' at position 0 to have type char(32), found type char(16).
2024-10-12T19:41:55.708607Z 0 [ERROR] Incorrect definition of table performance_schema.events_stages_summary_by_user_by_event_name: expected column 'USER' at position 0 to have type char(32), found type char(16).
2024-10-12T19:41:55.713279Z 0 [ERROR] 
2024-10-12T19:41:55.714140Z 0 [ERROR] 
2024-10-12T19:41:55.714989Z 0 [ERROR] 
2024-10-12T19:41:55.716132Z 0 [ERROR] Incorrect definition of table performance_schema.events_statements_summary_by_account_by_event_name: expected column 'USER' at position 0 to have type char(32), found type char(16).
2024-10-12T19:41:55.719249Z 0 [ERROR] Incorrect definition of table performance_schema.events_statements_summary_by_user_by_event_name: expected column 'USER' at position 0 to have type char(32), found type char(16).
2024-10-12T19:41:55.724587Z 0 [ERROR] 
2024-10-12T19:41:55.725479Z 0 [ERROR] 
2024-10-12T19:41:55.726315Z 0 [ERROR] 
2024-10-12T19:41:55.727122Z 0 [ERROR] 
2024-10-12T19:41:55.727807Z 0 [ERROR] 
2024-10-12T19:41:55.728462Z 0 [ERROR] 
2024-10-12T19:41:55.729116Z 0 [ERROR] 
2024-10-12T19:41:55.729779Z 0 [ERROR] 
2024-10-12T19:41:55.730432Z 0 [ERROR] 
2024-10-12T19:41:55.731227Z 0 [ERROR] Incorrect definition of table performance_schema.users: expected column 'USER' at position 0 to have type char(32), found type char(16).
2024-10-12T19:41:55.733735Z 0 [ERROR] Incorrect definition of table performance_schema.accounts: expected column 'USER' at position 0 to have type char(32), found type char(16).
2024-10-12T19:41:55.738028Z 0 [ERROR] 
2024-10-12T19:41:55.739215Z 0 [ERROR] 
2024-10-12T19:41:55.741963Z 0 [ERROR] 
2024-10-12T19:41:55.742898Z 0 [ERROR] 
2024-10-12T19:41:55.743715Z 0 [ERROR] 
2024-10-12T19:41:55.744533Z 0 [ERROR] 
2024-10-12T19:41:55.745213Z 0 [ERROR] 
2024-10-12T19:41:55.745956Z 0 [ERROR] 
2024-10-12T19:41:55.746632Z 0 [ERROR] 
2024-10-12T19:41:55.747310Z 0 [ERROR] 
2024-10-12T19:41:55.747972Z 0 [ERROR] 
2024-10-12T19:41:55.748628Z 0 [ERROR] 
2024-10-12T19:41:55.749304Z 0 [ERROR] 
2024-10-12T19:41:55.749945Z 0 [ERROR] 
2024-10-12T19:41:55.750590Z 0 [ERROR] 
2024-10-12T19:41:55.751228Z 0 [ERROR] 
2024-10-12T19:41:55.751874Z 0 [ERROR] 
2024-10-12T19:41:55.752518Z 0 [ERROR] 
2024-10-12T19:41:55.753206Z 0 [ERROR] 
2024-10-12T19:41:55.753848Z 0 [ERROR] 
2024-10-12T19:41:55.756277Z 0 [ERROR] 
2024-10-12T19:41:55.757747Z 0 [ERROR] 
2024-10-12T19:41:55.758863Z 0 [ERROR] 
2024-10-12T19:41:55.759971Z 0 [ERROR] 
2024-10-12T19:41:55.760680Z 0 [ERROR] 
2024-10-12T19:41:55.761343Z 0 [ERROR] 
2024-10-12T19:41:55.762233Z 0 [ERROR] Incorrect definition of table mysql.db: expected column 'User' at position 2 to have type char(32), found type char(16).
2024-10-12T19:41:55.764202Z 0 [ERROR] mysql.user has no `Event_priv` column at position 28
2024-10-12T19:41:55.766177Z 0 [ERROR] Event Scheduler: An error occurred when initializing system tables. Disabling the Event Scheduler.
2024-10-12T19:41:55.768096Z 0 [Note] 
2024-10-12T23:46:20.595864Z 0 [Note] InnoDB: page_cleaner: 1000ms intended loop took 10732330ms. The settings might not be optimal. (flushed=0 and evicted=0, during the time.)
2024-10-13T01:38:04.955805Z 0 [Warning] TIMESTAMP with implicit DEFAULT value is deprecated. Please use --explicit_defaults_for_timestamp server option (see documentation for more details).
2024-10-13T01:38:04.955929Z 0 [Note] --secure-file-priv is set to NULL. Operations related to importing and exporting data are disabled
2024-10-13T01:38:04.956818Z 0 [ERROR] Cannot open Windows EventLog; check privileges, or start server with --log_syslog=0
2024-10-13T01:38:04.956856Z 0 [Note] C:\Users\iliat\Downloads\usbwebserver/mysql/bin/mysqld_usbwv8.exe (mysqld 5.7.36) starting as process 5612 ...
2024-10-13T01:38:05.031951Z 0 [ERROR] Error message file 'C:\Users\iliat\Downloads\usbwebserver\mysql\share\english\errmsg.sys' had only 886 error messages,
                    but it should contain at least 1123 error messages.
                    Check that the above file is the right version for                     this program!
2024-10-13T01:38:05.109925Z 0 [Note] InnoDB: Mutexes and rw_locks use Windows interlocked functions
2024-10-13T01:38:05.111718Z 0 [Note] InnoDB: Uses event mutexes
2024-10-13T01:38:05.112856Z 0 [Note] InnoDB: Memory barrier is not used
2024-10-13T01:38:05.114310Z 0 [Note] InnoDB: Compressed tables use zlib 1.2.11
2024-10-13T01:38:05.116544Z 0 [Note] InnoDB: Number of pools: 1
2024-10-13T01:38:05.117821Z 0 [Note] InnoDB: Not using CPU crc32 instructions
2024-10-13T01:38:05.125667Z 0 [Note] InnoDB: Initializing buffer pool, total size = 128M, instances = 1, chunk size = 128M
2024-10-13T01:38:05.148139Z 0 [Note] InnoDB: Completed initialization of buffer pool
2024-10-13T01:38:05.223831Z 0 [Note] InnoDB: Highest supported file format is Barracuda.
2024-10-13T01:38:05.228986Z 0 [Note] InnoDB: Log scan progressed past the checkpoint lsn 1517030
2024-10-13T01:38:05.230629Z 0 [Note] InnoDB: Doing recovery: scanned up to log sequence number 1517039
2024-10-13T01:38:05.232502Z 0 [Note] InnoDB: Database was not shutdown normally!
2024-10-13T01:38:05.233867Z 0 [Note] InnoDB: Starting crash recovery.
2024-10-13T01:38:05.626740Z 0 [Note] InnoDB: Removed temporary tablespace data file: "ibtmp1"
2024-10-13T01:38:05.628488Z 0 [Note] InnoDB: Creating shared tablespace for temporary tables
2024-10-13T01:38:05.631186Z 0 [Note] InnoDB: Setting file 'C:\Users\iliat\Downloads\usbwebserver\mysql\data\ibtmp1' size to 12 MB. Physically writing the file full; Please wait ...
2024-10-13T01:38:05.670275Z 0 [Note] InnoDB: File 'C:\Users\iliat\Downloads\usbwebserver\mysql\data\ibtmp1' size is now 12 MB.
2024-10-13T01:38:05.697604Z 0 [Note] InnoDB: 96 redo rollback segment(s) found. 96 redo rollback segment(s) are active.
2024-10-13T01:38:05.699513Z 0 [Note] InnoDB: 32 non-redo rollback segment(s) are active.
2024-10-13T01:38:05.702742Z 0 [Note] InnoDB: Waiting for purge to start
2024-10-13T01:38:05.757093Z 0 [Note] InnoDB: 5.7.36 started; log sequence number 1517039
2024-10-13T01:38:05.759307Z 0 [Note] InnoDB: Loading buffer pool(s) from C:\Users\iliat\Downloads\usbwebserver\mysql\data\ib_buffer_pool
2024-10-13T01:38:05.759335Z 0 [Note] Plugin 'FEDERATED' is disabled.
2024-10-13T01:38:05.761895Z 0 [ERROR] InnoDB: Cannot open 'C:\Users\iliat\Downloads\usbwebserver\mysql\data\ib_buffer_pool' for reading: No such file or directory
2024-10-13T01:38:05.798046Z 0 [Warning] System table 'plugin' is expected to be transactional.
2024-10-13T01:38:05.816671Z 0 [Warning] Gtid table is not ready to be used. Table 'mysql.gtid_executed' cannot be opened.
2024-10-13T01:38:05.822907Z 0 [Note] Found ca.pem, server-cert.pem and server-key.pem in data directory. Trying to enable SSL support using them.
2024-10-13T01:38:05.825475Z 0 [Note] Skipping generation of SSL certificates as certificate files are present in data directory.
2024-10-13T01:38:05.827633Z 0 [Warning] 
2024-10-13T01:38:05.828245Z 0 [Warning] 
2024-10-13T01:38:05.882845Z 0 [Warning] CA certificate ca.pem is self signed.
2024-10-13T01:38:05.884589Z 0 [Note] Skipping generation of RSA key pair as key files are present in data directory.
2024-10-13T01:38:05.918451Z 0 [Note] Server hostname (bind-address): '*'; port: 3306
2024-10-13T01:38:05.920025Z 0 [Note] IPv6 is available.
2024-10-13T01:38:05.920789Z 0 [Note]   - '::' resolves to '::';
2024-10-13T01:38:05.921720Z 0 [Note] Server socket created on IP: '::'.
2024-10-13T01:38:05.923633Z 0 [Warning] Failed to open optimizer cost constant tables

2024-10-13T01:38:06.344659Z 0 [Warning] System table 'time_zone_leap_second' is expected to be transactional.
2024-10-13T01:38:06.349501Z 0 [Warning] System table 'time_zone_name' is expected to be transactional.
2024-10-13T01:38:06.351532Z 0 [Warning] System table 'time_zone' is expected to be transactional.
2024-10-13T01:38:06.354171Z 0 [Warning] System table 'time_zone_transition_type' is expected to be transactional.
2024-10-13T01:38:06.356476Z 0 [Warning] System table 'time_zone_transition' is expected to be transactional.
2024-10-13T01:38:06.577317Z 0 [Warning] System table 'servers' is expected to be transactional.
2024-10-13T01:38:06.719173Z 0 [Warning] InnoDB: Cannot open table mysql/slave_master_info from the internal data dictionary of InnoDB though the .frm file for the table exists. Please refer to http://dev.mysql.com/doc/refman/5.7/en/innodb-troubleshooting.html for how to resolve the issue.
2024-10-13T01:38:06.763814Z 0 [Warning] InnoDB: Cannot open table mysql/slave_relay_log_info from the internal data dictionary of InnoDB though the .frm file for the table exists. Please refer to http://dev.mysql.com/doc/refman/5.7/en/innodb-troubleshooting.html for how to resolve the issue.
2024-10-13T01:38:06.771065Z 0 [Warning] InnoDB: Cannot open table mysql/slave_master_info from the internal data dictionary of InnoDB though the .frm file for the table exists. Please refer to http://dev.mysql.com/doc/refman/5.7/en/innodb-troubleshooting.html for how to resolve the issue.
2024-10-13T01:38:06.778427Z 0 [Warning] Info table is not ready to be used. Table 'mysql.slave_master_info' cannot be opened.
2024-10-13T01:38:06.831637Z 0 [Warning] InnoDB: Cannot open table mysql/slave_worker_info from the internal data dictionary of InnoDB though the .frm file for the table exists. Please refer to http://dev.mysql.com/doc/refman/5.7/en/innodb-troubleshooting.html for how to resolve the issue.
2024-10-13T01:38:06.843188Z 0 [Warning] InnoDB: Cannot open table mysql/slave_relay_log_info from the internal data dictionary of InnoDB though the .frm file for the table exists. Please refer to http://dev.mysql.com/doc/refman/5.7/en/innodb-troubleshooting.html for how to resolve the issue.
2024-10-13T01:38:06.851375Z 0 [Warning] Info table is not ready to be used. Table 'mysql.slave_relay_log_info' cannot be opened.
2024-10-13T01:38:06.854045Z 0 [Note] Failed to start slave threads for channel ''
2024-10-13T01:38:06.918519Z 0 [ERROR] Incorrect definition of table performance_schema.events_waits_current: expected column 'NESTING_EVENT_TYPE' at position 15 to have type enum('TRANSACTION','STATEMENT','STAGE','WAIT', found type enum('STATEMENT','STAGE','WAIT').
2024-10-13T01:38:07.039776Z 0 [ERROR] Incorrect definition of table performance_schema.events_waits_history: expected column 'NESTING_EVENT_TYPE' at position 15 to have type enum('TRANSACTION','STATEMENT','STAGE','WAIT', found type enum('STATEMENT','STAGE','WAIT').
2024-10-13T01:38:07.121979Z 0 [ERROR] Incorrect definition of table performance_schema.events_waits_history_long: expected column 'NESTING_EVENT_TYPE' at position 15 to have type enum('TRANSACTION','STATEMENT','STAGE','WAIT', found type enum('STATEMENT','STAGE','WAIT').
2024-10-13T01:38:07.331217Z 0 [ERROR] Incorrect definition of table performance_schema.events_waits_summary_by_user_by_event_name: expected column 'USER' at position 0 to have type char(32), found type char(16).
2024-10-13T01:38:07.366668Z 0 [ERROR] Incorrect definition of table performance_schema.events_waits_summary_by_account_by_event_name: expected column 'USER' at position 0 to have type char(32), found type char(16).
2024-10-13T01:38:07.964230Z 0 [ERROR] 
2024-10-13T01:38:08.032014Z 0 [ERROR] Incorrect definition of table performance_schema.setup_objects: expected column 'OBJECT_TYPE' at position 0 to have type enum('EVENT','FUNCTION','PROCEDURE','TABLE','TRIGGER', found type enum('TABLE').
2024-10-13T01:38:08.160861Z 0 [ERROR] 
2024-10-13T01:38:08.186776Z 0 [ERROR] 
2024-10-13T01:38:08.215306Z 0 [ERROR] 
2024-10-13T01:38:08.237945Z 0 [ERROR] 
2024-10-13T01:38:08.257173Z 0 [ERROR] 
2024-10-13T01:38:08.308955Z 0 [ERROR] Incorrect definition of table performance_schema.events_stages_summary_by_account_by_event_name: expected column 'USER' at position 0 to have type char(32), found type char(16).
2024-10-13T01:38:08.343608Z 0 [ERROR] Incorrect definition of table performance_schema.events_stages_summary_by_user_by_event_name: expected column 'USER' at position 0 to have type char(32), found type char(16).
2024-10-13T01:38:08.410617Z 0 [ERROR] 
2024-10-13T01:38:08.432371Z 0 [ERROR] 
2024-10-13T01:38:08.457761Z 0 [ERROR] 
2024-10-13T01:38:08.509216Z 0 [ERROR] Incorrect definition of table performance_schema.events_statements_summary_by_account_by_event_name: expected column 'USER' at position 0 to have type char(32), found type char(16).
2024-10-13T01:38:08.538479Z 0 [ERROR] Incorrect definition of table performance_schema.events_statements_summary_by_user_by_event_name: expected column 'USER' at position 0 to have type char(32), found type char(16).
2024-10-13T01:38:08.664779Z 0 [ERROR] 
2024-10-13T01:38:08.671678Z 0 [ERROR] 
2024-10-13T01:38:08.672895Z 0 [ERROR] 
2024-10-13T01:38:08.673989Z 0 [ERROR] 
2024-10-13T01:38:08.675357Z 0 [ERROR] 
2024-10-13T01:38:08.676479Z 0 [ERROR] 
2024-10-13T01:38:08.677579Z 0 [ERROR] 
2024-10-13T01:38:08.679781Z 0 [ERROR] 
2024-10-13T01:38:08.681378Z 0 [ERROR] 
2024-10-13T01:38:08.695958Z 0 [ERROR] Incorrect definition of table performance_schema.users: expected column 'USER' at position 0 to have type char(32), found type char(16).
2024-10-13T01:38:08.716003Z 0 [ERROR] Incorrect definition of table performance_schema.accounts: expected column 'USER' at position 0 to have type char(32), found type char(16).
2024-10-13T01:38:08.850471Z 0 [ERROR] 
2024-10-13T01:38:08.851168Z 0 [ERROR] 
2024-10-13T01:38:08.851833Z 0 [ERROR] 
2024-10-13T01:38:08.852507Z 0 [ERROR] 
2024-10-13T01:38:08.853221Z 0 [ERROR] 
2024-10-13T01:38:08.853873Z 0 [ERROR] 
2024-10-13T01:38:08.854551Z 0 [ERROR] 
2024-10-13T01:38:08.855287Z 0 [ERROR] 
2024-10-13T01:38:08.856003Z 0 [ERROR] 
2024-10-13T01:38:08.856903Z 0 [ERROR] 
2024-10-13T01:38:08.857774Z 0 [ERROR] 
2024-10-13T01:38:08.858468Z 0 [ERROR] 
2024-10-13T01:38:08.859166Z 0 [ERROR] 
2024-10-13T01:38:08.859835Z 0 [ERROR] 
2024-10-13T01:38:08.860482Z 0 [ERROR] 
2024-10-13T01:38:08.862110Z 0 [ERROR] 
2024-10-13T01:38:08.864463Z 0 [ERROR] 
2024-10-13T01:38:08.865378Z 0 [ERROR] 
2024-10-13T01:38:08.866125Z 0 [ERROR] 
2024-10-13T01:38:08.866771Z 0 [ERROR] 
2024-10-13T01:38:08.867540Z 0 [ERROR] 
2024-10-13T01:38:08.868323Z 0 [ERROR] 
2024-10-13T01:38:08.868969Z 0 [ERROR] 
2024-10-13T01:38:08.869645Z 0 [ERROR] 
2024-10-13T01:38:08.870278Z 0 [ERROR] 
2024-10-13T01:38:08.871021Z 0 [ERROR] 
2024-10-13T01:38:08.871786Z 0 [ERROR] Incorrect definition of table mysql.db: expected column 'User' at position 2 to have type char(32), found type char(16).
2024-10-13T01:38:08.874955Z 0 [ERROR] mysql.user has no `Event_priv` column at position 28
2024-10-13T01:38:08.899183Z 0 [ERROR] Event Scheduler: An error occurred when initializing system tables. Disabling the Event Scheduler.
2024-10-13T01:38:08.901134Z 0 [Note] 
2024-10-13T02:22:32.226976Z 0 [Note] InnoDB: page_cleaner: 1000ms intended loop took 74537ms. The settings might not be optimal. (flushed=0 and evicted=0, during the time.)
2024-10-13T02:30:54.691759Z 2 [ERROR] InnoDB: Table `mysql`.`innodb_table_stats` not found.
2024-10-13T02:30:54.695765Z 2 [ERROR] InnoDB: Fetch of persistent statistics requested for table `synchroclub`.`users` but the required system tables mysql.innodb_table_stats and mysql.innodb_index_stats are not present or have unexpected structure. Using transient stats instead.
2024-10-13T02:38:08.349240Z 5 [ERROR] InnoDB: Table `mysql`.`innodb_table_stats` not found.
2024-10-13T02:38:08.352780Z 5 [ERROR] InnoDB: Fetch of persistent statistics requested for table `synchroclub`.`classes` but the required system tables mysql.innodb_table_stats and mysql.innodb_index_stats are not present or have unexpected structure. Using transient stats instead.
2024-10-13T02:55:14.332620Z 0 [Note] InnoDB: page_cleaner: 1000ms intended loop took 102256ms. The settings might not be optimal. (flushed=0 and evicted=0, during the time.)
2024-10-13T03:27:11.831199Z 0 [Note] InnoDB: page_cleaner: 1000ms intended loop took 375924ms. The settings might not be optimal. (flushed=0 and evicted=0, during the time.)
2024-10-13T03:45:38.629937Z 0 [Note] InnoDB: page_cleaner: 1000ms intended loop took 506012ms. The settings might not be optimal. (flushed=0 and evicted=0, during the time.)
2024-10-13T04:05:56.291914Z 0 [Note] InnoDB: page_cleaner: 1000ms intended loop took 633332ms. The settings might not be optimal. (flushed=0 and evicted=0, during the time.)
2024-10-13T04:15:49.612677Z 0 [Warning] TIMESTAMP with implicit DEFAULT value is deprecated. Please use --explicit_defaults_for_timestamp server option (see documentation for more details).
2024-10-13T04:15:49.612750Z 0 [Note] --secure-file-priv is set to NULL. Operations related to importing and exporting data are disabled
2024-10-13T04:15:49.613221Z 0 [ERROR] Cannot open Windows EventLog; check privileges, or start server with --log_syslog=0
2024-10-13T04:15:49.613252Z 0 [Note] C:\Users\iliat\Downloads\usbwebserver/mysql/bin/mysqld_usbwv8.exe (mysqld 5.7.36) starting as process 8760 ...
2024-10-13T04:15:49.613991Z 0 [ERROR] Error message file 'C:\Users\iliat\Downloads\usbwebserver\mysql\share\english\errmsg.sys' had only 886 error messages,
                    but it should contain at least 1123 error messages.
                    Check that the above file is the right version for                     this program!
2024-10-13T04:15:49.641289Z 0 [Note] InnoDB: Mutexes and rw_locks use Windows interlocked functions
2024-10-13T04:15:49.641931Z 0 [Note] InnoDB: Uses event mutexes
2024-10-13T04:15:49.642336Z 0 [Note] InnoDB: Memory barrier is not used
2024-10-13T04:15:49.642781Z 0 [Note] InnoDB: Compressed tables use zlib 1.2.11
2024-10-13T04:15:49.643606Z 0 [Note] InnoDB: Number of pools: 1
2024-10-13T04:15:49.644179Z 0 [Note] InnoDB: Not using CPU crc32 instructions
2024-10-13T04:15:49.647685Z 0 [Note] InnoDB: Initializing buffer pool, total size = 128M, instances = 1, chunk size = 128M
2024-10-13T04:15:49.657814Z 0 [Note] InnoDB: Completed initialization of buffer pool
2024-10-13T04:15:49.695161Z 0 [Note] InnoDB: Highest supported file format is Barracuda.
2024-10-13T04:15:49.699260Z 0 [Note] InnoDB: Log scan progressed past the checkpoint lsn 1517981
2024-10-13T04:15:49.700191Z 0 [Note] InnoDB: Doing recovery: scanned up to log sequence number 1517990
2024-10-13T04:15:49.701127Z 0 [Note] InnoDB: Database was not shutdown normally!
2024-10-13T04:15:49.701890Z 0 [Note] InnoDB: Starting crash recovery.
2024-10-13T04:15:49.902915Z 0 [Note] InnoDB: Removed temporary tablespace data file: "ibtmp1"
2024-10-13T04:15:49.903508Z 0 [Note] InnoDB: Creating shared tablespace for temporary tables
2024-10-13T04:15:49.904434Z 0 [Note] InnoDB: Setting file 'C:\Users\iliat\Downloads\usbwebserver\mysql\data\ibtmp1' size to 12 MB. Physically writing the file full; Please wait ...
2024-10-13T04:15:49.924102Z 0 [Note] InnoDB: File 'C:\Users\iliat\Downloads\usbwebserver\mysql\data\ibtmp1' size is now 12 MB.
2024-10-13T04:15:49.935415Z 0 [Note] InnoDB: 96 redo rollback segment(s) found. 96 redo rollback segment(s) are active.
2024-10-13T04:15:49.936175Z 0 [Note] InnoDB: 32 non-redo rollback segment(s) are active.
2024-10-13T04:15:49.937087Z 0 [Note] InnoDB: Waiting for purge to start
2024-10-13T04:15:50.002335Z 0 [Note] InnoDB: 5.7.36 started; log sequence number 1517990
2024-10-13T04:15:50.003315Z 0 [Note] Plugin 'FEDERATED' is disabled.
2024-10-13T04:15:50.003364Z 0 [Note] InnoDB: Loading buffer pool(s) from C:\Users\iliat\Downloads\usbwebserver\mysql\data\ib_buffer_pool
2024-10-13T04:15:50.004812Z 0 [ERROR] InnoDB: Cannot open 'C:\Users\iliat\Downloads\usbwebserver\mysql\data\ib_buffer_pool' for reading: No such file or directory
2024-10-13T04:15:50.006483Z 0 [Warning] System table 'plugin' is expected to be transactional.
2024-10-13T04:15:50.007837Z 0 [Warning] Gtid table is not ready to be used. Table 'mysql.gtid_executed' cannot be opened.
2024-10-13T04:15:50.010013Z 0 [Note] Found ca.pem, server-cert.pem and server-key.pem in data directory. Trying to enable SSL support using them.
2024-10-13T04:15:50.010919Z 0 [Note] Skipping generation of SSL certificates as certificate files are present in data directory.
2024-10-13T04:15:50.011712Z 0 [Warning] 
2024-10-13T04:15:50.011965Z 0 [Warning] 
2024-10-13T04:15:50.013790Z 0 [Warning] CA certificate ca.pem is self signed.
2024-10-13T04:15:50.014426Z 0 [Note] Skipping generation of RSA key pair as key files are present in data directory.
2024-10-13T04:15:50.015426Z 0 [Note] Server hostname (bind-address): '*'; port: 3306
2024-10-13T04:15:50.016238Z 0 [Note] IPv6 is available.
2024-10-13T04:15:50.016601Z 0 [Note]   - '::' resolves to '::';
2024-10-13T04:15:50.017114Z 0 [Note] Server socket created on IP: '::'.
2024-10-13T04:15:50.018171Z 0 [Warning] Failed to open optimizer cost constant tables

2024-10-13T04:15:50.037041Z 0 [Warning] System table 'time_zone_leap_second' is expected to be transactional.
2024-10-13T04:15:50.037726Z 0 [Warning] System table 'time_zone_name' is expected to be transactional.
2024-10-13T04:15:50.038425Z 0 [Warning] System table 'time_zone' is expected to be transactional.
2024-10-13T04:15:50.039029Z 0 [Warning] System table 'time_zone_transition_type' is expected to be transactional.
2024-10-13T04:15:50.039727Z 0 [Warning] System table 'time_zone_transition' is expected to be transactional.
2024-10-13T04:15:50.042529Z 0 [Warning] System table 'servers' is expected to be transactional.
2024-10-13T04:15:50.043873Z 0 [Warning] InnoDB: Cannot open table mysql/slave_master_info from the internal data dictionary of InnoDB though the .frm file for the table exists. Please refer to http://dev.mysql.com/doc/refman/5.7/en/innodb-troubleshooting.html for how to resolve the issue.
2024-10-13T04:15:50.045915Z 0 [Warning] InnoDB: Cannot open table mysql/slave_relay_log_info from the internal data dictionary of InnoDB though the .frm file for the table exists. Please refer to http://dev.mysql.com/doc/refman/5.7/en/innodb-troubleshooting.html for how to resolve the issue.
2024-10-13T04:15:50.047826Z 0 [Warning] InnoDB: Cannot open table mysql/slave_master_info from the internal data dictionary of InnoDB though the .frm file for the table exists. Please refer to http://dev.mysql.com/doc/refman/5.7/en/innodb-troubleshooting.html for how to resolve the issue.
2024-10-13T04:15:50.049881Z 0 [Warning] Info table is not ready to be used. Table 'mysql.slave_master_info' cannot be opened.
2024-10-13T04:15:50.050985Z 0 [Warning] InnoDB: Cannot open table mysql/slave_worker_info from the internal data dictionary of InnoDB though the .frm file for the table exists. Please refer to http://dev.mysql.com/doc/refman/5.7/en/innodb-troubleshooting.html for how to resolve the issue.
2024-10-13T04:15:50.052896Z 0 [Warning] InnoDB: Cannot open table mysql/slave_relay_log_info from the internal data dictionary of InnoDB though the .frm file for the table exists. Please refer to http://dev.mysql.com/doc/refman/5.7/en/innodb-troubleshooting.html for how to resolve the issue.
2024-10-13T04:15:50.054717Z 0 [Warning] Info table is not ready to be used. Table 'mysql.slave_relay_log_info' cannot be opened.
2024-10-13T04:15:50.055610Z 0 [Note] Failed to start slave threads for channel ''
2024-10-13T04:15:50.056711Z 0 [ERROR] Incorrect definition of table performance_schema.events_waits_current: expected column 'NESTING_EVENT_TYPE' at position 15 to have type enum('TRANSACTION','STATEMENT','STAGE','WAIT', found type enum('STATEMENT','STAGE','WAIT').
2024-10-13T04:15:50.058607Z 0 [ERROR] Incorrect definition of table performance_schema.events_waits_history: expected column 'NESTING_EVENT_TYPE' at position 15 to have type enum('TRANSACTION','STATEMENT','STAGE','WAIT', found type enum('STATEMENT','STAGE','WAIT').
2024-10-13T04:15:50.060423Z 0 [ERROR] Incorrect definition of table performance_schema.events_waits_history_long: expected column 'NESTING_EVENT_TYPE' at position 15 to have type enum('TRANSACTION','STATEMENT','STAGE','WAIT', found type enum('STATEMENT','STAGE','WAIT').
2024-10-13T04:15:50.062752Z 0 [ERROR] Incorrect definition of table performance_schema.events_waits_summary_by_user_by_event_name: expected column 'USER' at position 0 to have type char(32), found type char(16).
2024-10-13T04:15:50.064461Z 0 [ERROR] Incorrect definition of table performance_schema.events_waits_summary_by_account_by_event_name: expected column 'USER' at position 0 to have type char(32), found type char(16).
2024-10-13T04:15:50.067442Z 0 [ERROR] 
2024-10-13T04:15:50.068138Z 0 [ERROR] Incorrect definition of table performance_schema.setup_objects: expected column 'OBJECT_TYPE' at position 0 to have type enum('EVENT','FUNCTION','PROCEDURE','TABLE','TRIGGER', found type enum('TABLE').
2024-10-13T04:15:50.070636Z 0 [ERROR] 
2024-10-13T04:15:50.071152Z 0 [ERROR] 
2024-10-13T04:15:50.071572Z 0 [ERROR] 
2024-10-13T04:15:50.071988Z 0 [ERROR] 
2024-10-13T04:15:50.072402Z 0 [ERROR] 
2024-10-13T04:15:50.072970Z 0 [ERROR] Incorrect definition of table performance_schema.events_stages_summary_by_account_by_event_name: expected column 'USER' at position 0 to have type char(32), found type char(16).
2024-10-13T04:15:50.074483Z 0 [ERROR] Incorrect definition of table performance_schema.events_stages_summary_by_user_by_event_name: expected column 'USER' at position 0 to have type char(32), found type char(16).
2024-10-13T04:15:50.076351Z 0 [ERROR] 
2024-10-13T04:15:50.076782Z 0 [ERROR] 
2024-10-13T04:15:50.077220Z 0 [ERROR] 
2024-10-13T04:15:50.077989Z 0 [ERROR] Incorrect definition of table performance_schema.events_statements_summary_by_account_by_event_name: expected column 'USER' at position 0 to have type char(32), found type char(16).
2024-10-13T04:15:50.079606Z 0 [ERROR] Incorrect definition of table performance_schema.events_statements_summary_by_user_by_event_name: expected column 'USER' at position 0 to have type char(32), found type char(16).
2024-10-13T04:15:50.081638Z 0 [ERROR] 
2024-10-13T04:15:50.081986Z 0 [ERROR] 
2024-10-13T04:15:50.082324Z 0 [ERROR] 
2024-10-13T04:15:50.082670Z 0 [ERROR] 
2024-10-13T04:15:50.083002Z 0 [ERROR] 
2024-10-13T04:15:50.083344Z 0 [ERROR] 
2024-10-13T04:15:50.083680Z 0 [ERROR] 
2024-10-13T04:15:50.084008Z 0 [ERROR] 
2024-10-13T04:15:50.084341Z 0 [ERROR] 
2024-10-13T04:15:50.084788Z 0 [ERROR] Incorrect definition of table performance_schema.users: expected column 'USER' at position 0 to have type char(32), found type char(16).
2024-10-13T04:15:50.086141Z 0 [ERROR] Incorrect definition of table performance_schema.accounts: expected column 'USER' at position 0 to have type char(32), found type char(16).
2024-10-13T04:15:50.088381Z 0 [ERROR] 
2024-10-13T04:15:50.088770Z 0 [ERROR] 
2024-10-13T04:15:50.089102Z 0 [ERROR] 
2024-10-13T04:15:50.089431Z 0 [ERROR] 
2024-10-13T04:15:50.089772Z 0 [ERROR] 
2024-10-13T04:15:50.090107Z 0 [ERROR] 
2024-10-13T04:15:50.090442Z 0 [ERROR] 
2024-10-13T04:15:50.090777Z 0 [ERROR] 
2024-10-13T04:15:50.091109Z 0 [ERROR] 
2024-10-13T04:15:50.091438Z 0 [ERROR] 
2024-10-13T04:15:50.091794Z 0 [ERROR] 
2024-10-13T04:15:50.092246Z 0 [ERROR] 
2024-10-13T04:15:50.092621Z 0 [ERROR] 
2024-10-13T04:15:50.092965Z 0 [ERROR] 
2024-10-13T04:15:50.093296Z 0 [ERROR] 
2024-10-13T04:15:50.093624Z 0 [ERROR] 
2024-10-13T04:15:50.094034Z 0 [ERROR] 
2024-10-13T04:15:50.094377Z 0 [ERROR] 
2024-10-13T04:15:50.094702Z 0 [ERROR] 
2024-10-13T04:15:50.095024Z 0 [ERROR] 
2024-10-13T04:15:50.095359Z 0 [ERROR] 
2024-10-13T04:15:50.095730Z 0 [ERROR] 
2024-10-13T04:15:50.096051Z 0 [ERROR] 
2024-10-13T04:15:50.096373Z 0 [ERROR] 
2024-10-13T04:15:50.096701Z 0 [ERROR] 
2024-10-13T04:15:50.097059Z 0 [ERROR] 
2024-10-13T04:15:50.097455Z 0 [ERROR] Incorrect definition of table mysql.db: expected column 'User' at position 2 to have type char(32), found type char(16).
2024-10-13T04:15:50.098499Z 0 [ERROR] mysql.user has no `Event_priv` column at position 28
2024-10-13T04:15:50.099726Z 0 [ERROR] Event Scheduler: An error occurred when initializing system tables. Disabling the Event Scheduler.
2024-10-13T04:15:50.100762Z 0 [Note] 
2024-10-13T04:30:41.833709Z 0 [Note] InnoDB: page_cleaner: 1000ms intended loop took 386066ms. The settings might not be optimal. (flushed=0 and evicted=0, during the time.)
2024-10-13T04:50:00.941613Z 0 [Note] InnoDB: page_cleaner: 1000ms intended loop took 333203ms. The settings might not be optimal. (flushed=0 and evicted=0, during the time.)
2024-10-13T04:52:37.394834Z 0 [Warning] TIMESTAMP with implicit DEFAULT value is deprecated. Please use --explicit_defaults_for_timestamp server option (see documentation for more details).
2024-10-13T04:52:37.394919Z 0 [Note] --secure-file-priv is set to NULL. Operations related to importing and exporting data are disabled
2024-10-13T04:52:37.395988Z 0 [ERROR] Cannot open Windows EventLog; check privileges, or start server with --log_syslog=0
2024-10-13T04:52:37.396006Z 0 [Note] C:\Users\iliat\Downloads\usbwebserver/mysql/bin/mysqld_usbwv8.exe (mysqld 5.7.36) starting as process 5528 ...
2024-10-13T04:52:37.396752Z 0 [ERROR] Error message file 'C:\Users\iliat\Downloads\usbwebserver\mysql\share\english\errmsg.sys' had only 886 error messages,
                    but it should contain at least 1123 error messages.
                    Check that the above file is the right version for                     this program!
2024-10-13T04:52:37.508775Z 0 [Note] InnoDB: Mutexes and rw_locks use Windows interlocked functions
2024-10-13T04:52:37.509943Z 0 [Note] InnoDB: Uses event mutexes
2024-10-13T04:52:37.510587Z 0 [Note] InnoDB: Memory barrier is not used
2024-10-13T04:52:37.511531Z 0 [Note] InnoDB: Compressed tables use zlib 1.2.11
2024-10-13T04:52:37.513206Z 0 [Note] InnoDB: Number of pools: 1
2024-10-13T04:52:37.513936Z 0 [Note] InnoDB: Not using CPU crc32 instructions
2024-10-13T04:52:37.518250Z 0 [Note] InnoDB: Initializing buffer pool, total size = 128M, instances = 1, chunk size = 128M
2024-10-13T04:52:37.545240Z 0 [Note] InnoDB: Completed initialization of buffer pool
2024-10-13T04:52:37.587578Z 0 [Note] InnoDB: Highest supported file format is Barracuda.
2024-10-13T04:52:37.590674Z 0 [Note] InnoDB: Log scan progressed past the checkpoint lsn 1518009
2024-10-13T04:52:37.591399Z 0 [Note] InnoDB: Doing recovery: scanned up to log sequence number 1518018
2024-10-13T04:52:37.592183Z 0 [Note] InnoDB: Database was not shutdown normally!
2024-10-13T04:52:37.592710Z 0 [Note] InnoDB: Starting crash recovery.
2024-10-13T04:52:37.816196Z 0 [Note] InnoDB: Removed temporary tablespace data file: "ibtmp1"
2024-10-13T04:52:37.816792Z 0 [Note] InnoDB: Creating shared tablespace for temporary tables
2024-10-13T04:52:37.817699Z 0 [Note] InnoDB: Setting file 'C:\Users\iliat\Downloads\usbwebserver\mysql\data\ibtmp1' size to 12 MB. Physically writing the file full; Please wait ...
2024-10-13T04:52:37.873417Z 0 [Note] InnoDB: File 'C:\Users\iliat\Downloads\usbwebserver\mysql\data\ibtmp1' size is now 12 MB.
2024-10-13T04:52:37.884361Z 0 [Note] InnoDB: 96 redo rollback segment(s) found. 96 redo rollback segment(s) are active.
2024-10-13T04:52:37.885134Z 0 [Note] InnoDB: 32 non-redo rollback segment(s) are active.
2024-10-13T04:52:37.886025Z 0 [Note] InnoDB: Waiting for purge to start
2024-10-13T04:52:37.949499Z 0 [Note] InnoDB: 5.7.36 started; log sequence number 1518018
2024-10-13T04:52:37.950476Z 0 [Note] Plugin 'FEDERATED' is disabled.
2024-10-13T04:52:37.950554Z 0 [Note] InnoDB: Loading buffer pool(s) from C:\Users\iliat\Downloads\usbwebserver\mysql\data\ib_buffer_pool
2024-10-13T04:52:37.952029Z 0 [ERROR] InnoDB: Cannot open 'C:\Users\iliat\Downloads\usbwebserver\mysql\data\ib_buffer_pool' for reading: No such file or directory
2024-10-13T04:52:37.953635Z 0 [Warning] System table 'plugin' is expected to be transactional.
2024-10-13T04:52:37.954930Z 0 [Warning] Gtid table is not ready to be used. Table 'mysql.gtid_executed' cannot be opened.
2024-10-13T04:52:37.957107Z 0 [Note] Found ca.pem, server-cert.pem and server-key.pem in data directory. Trying to enable SSL support using them.
2024-10-13T04:52:37.958032Z 0 [Note] Skipping generation of SSL certificates as certificate files are present in data directory.
2024-10-13T04:52:37.958806Z 0 [Warning] 
2024-10-13T04:52:37.959052Z 0 [Warning] 
2024-10-13T04:52:37.960644Z 0 [Warning] CA certificate ca.pem is self signed.
2024-10-13T04:52:37.961268Z 0 [Note] Skipping generation of RSA key pair as key files are present in data directory.
2024-10-13T04:52:37.962181Z 0 [Note] Server hostname (bind-address): '*'; port: 3306
2024-10-13T04:52:37.963088Z 0 [Note] IPv6 is available.
2024-10-13T04:52:37.963639Z 0 [Note]   - '::' resolves to '::';
2024-10-13T04:52:37.964172Z 0 [Note] Server socket created on IP: '::'.
2024-10-13T04:52:37.965961Z 0 [Warning] Failed to open optimizer cost constant tables

2024-10-13T04:52:37.985261Z 0 [Warning] System table 'time_zone_leap_second' is expected to be transactional.
2024-10-13T04:52:37.986302Z 0 [Warning] System table 'time_zone_name' is expected to be transactional.
2024-10-13T04:52:37.987271Z 0 [Warning] System table 'time_zone' is expected to be transactional.
2024-10-13T04:52:37.988162Z 0 [Warning] System table 'time_zone_transition_type' is expected to be transactional.
2024-10-13T04:52:37.989198Z 0 [Warning] System table 'time_zone_transition' is expected to be transactional.
2024-10-13T04:52:37.992008Z 0 [Warning] System table 'servers' is expected to be transactional.
2024-10-13T04:52:37.993445Z 0 [Warning] InnoDB: Cannot open table mysql/slave_master_info from the internal data dictionary of InnoDB though the .frm file for the table exists. Please refer to http://dev.mysql.com/doc/refman/5.7/en/innodb-troubleshooting.html for how to resolve the issue.
2024-10-13T04:52:37.995522Z 0 [Warning] InnoDB: Cannot open table mysql/slave_relay_log_info from the internal data dictionary of InnoDB though the .frm file for the table exists. Please refer to http://dev.mysql.com/doc/refman/5.7/en/innodb-troubleshooting.html for how to resolve the issue.
2024-10-13T04:52:37.997526Z 0 [Warning] InnoDB: Cannot open table mysql/slave_master_info from the internal data dictionary of InnoDB though the .frm file for the table exists. Please refer to http://dev.mysql.com/doc/refman/5.7/en/innodb-troubleshooting.html for how to resolve the issue.
2024-10-13T04:52:37.999569Z 0 [Warning] Info table is not ready to be used. Table 'mysql.slave_master_info' cannot be opened.
2024-10-13T04:52:38.000837Z 0 [Warning] InnoDB: Cannot open table mysql/slave_worker_info from the internal data dictionary of InnoDB though the .frm file for the table exists. Please refer to http://dev.mysql.com/doc/refman/5.7/en/innodb-troubleshooting.html for how to resolve the issue.
2024-10-13T04:52:38.002732Z 0 [Warning] InnoDB: Cannot open table mysql/slave_relay_log_info from the internal data dictionary of InnoDB though the .frm file for the table exists. Please refer to http://dev.mysql.com/doc/refman/5.7/en/innodb-troubleshooting.html for how to resolve the issue.
2024-10-13T04:52:38.004526Z 0 [Warning] Info table is not ready to be used. Table 'mysql.slave_relay_log_info' cannot be opened.
2024-10-13T04:52:38.005387Z 0 [Note] Failed to start slave threads for channel ''
2024-10-13T04:52:38.006320Z 0 [ERROR] Incorrect definition of table performance_schema.events_waits_current: expected column 'NESTING_EVENT_TYPE' at position 15 to have type enum('TRANSACTION','STATEMENT','STAGE','WAIT', found type enum('STATEMENT','STAGE','WAIT').
2024-10-13T04:52:38.008097Z 0 [ERROR] Incorrect definition of table performance_schema.events_waits_history: expected column 'NESTING_EVENT_TYPE' at position 15 to have type enum('TRANSACTION','STATEMENT','STAGE','WAIT', found type enum('STATEMENT','STAGE','WAIT').
2024-10-13T04:52:38.009882Z 0 [ERROR] Incorrect definition of table performance_schema.events_waits_history_long: expected column 'NESTING_EVENT_TYPE' at position 15 to have type enum('TRANSACTION','STATEMENT','STAGE','WAIT', found type enum('STATEMENT','STAGE','WAIT').
2024-10-13T04:52:38.012196Z 0 [ERROR] Incorrect definition of table performance_schema.events_waits_summary_by_user_by_event_name: expected column 'USER' at position 0 to have type char(32), found type char(16).
2024-10-13T04:52:38.013741Z 0 [ERROR] Incorrect definition of table performance_schema.events_waits_summary_by_account_by_event_name: expected column 'USER' at position 0 to have type char(32), found type char(16).
2024-10-13T04:52:38.016895Z 0 [ERROR] 
2024-10-13T04:52:38.017575Z 0 [ERROR] Incorrect definition of table performance_schema.setup_objects: expected column 'OBJECT_TYPE' at position 0 to have type enum('EVENT','FUNCTION','PROCEDURE','TABLE','TRIGGER', found type enum('TABLE').
2024-10-13T04:52:38.019933Z 0 [ERROR] 
2024-10-13T04:52:38.020349Z 0 [ERROR] 
2024-10-13T04:52:38.020778Z 0 [ERROR] 
2024-10-13T04:52:38.021189Z 0 [ERROR] 
2024-10-13T04:52:38.021647Z 0 [ERROR] 
2024-10-13T04:52:38.022273Z 0 [ERROR] Incorrect definition of table performance_schema.events_stages_summary_by_account_by_event_name: expected column 'USER' at position 0 to have type char(32), found type char(16).
2024-10-13T04:52:38.023805Z 0 [ERROR] Incorrect definition of table performance_schema.events_stages_summary_by_user_by_event_name: expected column 'USER' at position 0 to have type char(32), found type char(16).
2024-10-13T04:52:38.025658Z 0 [ERROR] 
2024-10-13T04:52:38.026096Z 0 [ERROR] 
2024-10-13T04:52:38.026579Z 0 [ERROR] 
2024-10-13T04:52:38.027213Z 0 [ERROR] Incorrect definition of table performance_schema.events_statements_summary_by_account_by_event_name: expected column 'USER' at position 0 to have type char(32), found type char(16).
2024-10-13T04:52:38.028866Z 0 [ERROR] Incorrect definition of table performance_schema.events_statements_summary_by_user_by_event_name: expected column 'USER' at position 0 to have type char(32), found type char(16).
2024-10-13T04:52:38.031022Z 0 [ERROR] 
2024-10-13T04:52:38.031539Z 0 [ERROR] 
2024-10-13T04:52:38.031866Z 0 [ERROR] 
2024-10-13T04:52:38.032226Z 0 [ERROR] 
2024-10-13T04:52:38.032555Z 0 [ERROR] 
2024-10-13T04:52:38.032878Z 0 [ERROR] 
2024-10-13T04:52:38.033246Z 0 [ERROR] 
2024-10-13T04:52:38.033576Z 0 [ERROR] 
2024-10-13T04:52:38.033897Z 0 [ERROR] 
2024-10-13T04:52:38.034370Z 0 [ERROR] Incorrect definition of table performance_schema.users: expected column 'USER' at position 0 to have type char(32), found type char(16).
2024-10-13T04:52:38.035626Z 0 [ERROR] Incorrect definition of table performance_schema.accounts: expected column 'USER' at position 0 to have type char(32), found type char(16).
2024-10-13T04:52:38.038029Z 0 [ERROR] 
2024-10-13T04:52:38.038366Z 0 [ERROR] 
2024-10-13T04:52:38.038690Z 0 [ERROR] 
2024-10-13T04:52:38.039052Z 0 [ERROR] 
2024-10-13T04:52:38.039381Z 0 [ERROR] 
2024-10-13T04:52:38.039705Z 0 [ERROR] 
2024-10-13T04:52:38.040064Z 0 [ERROR] 
2024-10-13T04:52:38.040389Z 0 [ERROR] 
2024-10-13T04:52:38.040710Z 0 [ERROR] 
2024-10-13T04:52:38.041085Z 0 [ERROR] 
2024-10-13T04:52:38.041409Z 0 [ERROR] 
2024-10-13T04:52:38.041730Z 0 [ERROR] 
2024-10-13T04:52:38.042111Z 0 [ERROR] 
2024-10-13T04:52:38.042450Z 0 [ERROR] 
2024-10-13T04:52:38.042770Z 0 [ERROR] 
2024-10-13T04:52:38.043129Z 0 [ERROR] 
2024-10-13T04:52:38.043450Z 0 [ERROR] 
2024-10-13T04:52:38.043792Z 0 [ERROR] 
2024-10-13T04:52:38.044237Z 0 [ERROR] 
2024-10-13T04:52:38.044561Z 0 [ERROR] 
2024-10-13T04:52:38.044934Z 0 [ERROR] 
2024-10-13T04:52:38.045262Z 0 [ERROR] 
2024-10-13T04:52:38.045586Z 0 [ERROR] 
2024-10-13T04:52:38.045944Z 0 [ERROR] 
2024-10-13T04:52:38.046266Z 0 [ERROR] 
2024-10-13T04:52:38.046589Z 0 [ERROR] 
2024-10-13T04:52:38.047018Z 0 [ERROR] Incorrect definition of table mysql.db: expected column 'User' at position 2 to have type char(32), found type char(16).
2024-10-13T04:52:38.048067Z 0 [ERROR] mysql.user has no `Event_priv` column at position 28
2024-10-13T04:52:38.049105Z 0 [ERROR] Event Scheduler: An error occurred when initializing system tables. Disabling the Event Scheduler.
2024-10-13T04:52:38.050123Z 0 [Note] 
2024-10-13T04:52:45.744220Z 2 [ERROR] InnoDB: Table `mysql`.`innodb_table_stats` not found.
2024-10-13T04:52:45.745299Z 2 [ERROR] InnoDB: Fetch of persistent statistics requested for table `synchroclub`.`users` but the required system tables mysql.innodb_table_stats and mysql.innodb_index_stats are not present or have unexpected structure. Using transient stats instead.
2024-10-13T05:09:10.752097Z 0 [Note] InnoDB: page_cleaner: 1000ms intended loop took 459732ms. The settings might not be optimal. (flushed=0 and evicted=0, during the time.)
2024-10-13T05:27:48.334990Z 0 [Note] InnoDB: page_cleaner: 1000ms intended loop took 609382ms. The settings might not be optimal. (flushed=0 and evicted=0, during the time.)
2024-10-13T06:02:38.270967Z 0 [Note] InnoDB: page_cleaner: 1000ms intended loop took 1789926ms. The settings might not be optimal. (flushed=0 and evicted=0, during the time.)
2024-10-13T06:23:23.988398Z 0 [Note] InnoDB: page_cleaner: 1000ms intended loop took 461948ms. The settings might not be optimal. (flushed=0 and evicted=0, during the time.)
2024-10-13T06:28:59.191581Z 3 [ERROR] InnoDB: Table `mysql`.`innodb_table_stats` not found.
2024-10-13T06:28:59.192319Z 3 [ERROR] InnoDB: Fetch of persistent statistics requested for table `synchroclub`.`classes` but the required system tables mysql.innodb_table_stats and mysql.innodb_index_stats are not present or have unexpected structure. Using transient stats instead.
2024-10-13T06:55:53.863238Z 0 [Note] InnoDB: page_cleaner: 1000ms intended loop took 13557ms. The settings might not be optimal. (flushed=0 and evicted=0, during the time.)
2024-10-13T07:02:17.638717Z 0 [Note] InnoDB: page_cleaner: 1000ms intended loop took 8062ms. The settings might not be optimal. (flushed=0 and evicted=0, during the time.)
2024-10-13T07:18:24.607824Z 0 [Note] InnoDB: page_cleaner: 1000ms intended loop took 644580ms. The settings might not be optimal. (flushed=0 and evicted=0, during the time.)
2024-10-13T07:41:39.652409Z 0 [Note] InnoDB: page_cleaner: 1000ms intended loop took 74792ms. The settings might not be optimal. (flushed=0 and evicted=0, during the time.)
2024-10-13T07:57:37.391567Z 0 [Note] InnoDB: page_cleaner: 1000ms intended loop took 57900ms. The settings might not be optimal. (flushed=0 and evicted=0, during the time.)
2024-10-13T08:20:49.009260Z 0 [Note] InnoDB: page_cleaner: 1000ms intended loop took 459693ms. The settings might not be optimal. (flushed=0 and evicted=0, during the time.)
2024-10-13T08:36:31.564799Z 0 [Note] InnoDB: page_cleaner: 1000ms intended loop took 490160ms. The settings might not be optimal. (flushed=0 and evicted=0, during the time.)
2024-10-13T08:54:55.711480Z 0 [Note] InnoDB: page_cleaner: 1000ms intended loop took 322324ms. The settings might not be optimal. (flushed=0 and evicted=0, during the time.)
2024-10-13T09:09:51.361853Z 0 [Note] InnoDB: page_cleaner: 1000ms intended loop took 418011ms. The settings might not be optimal. (flushed=0 and evicted=0, during the time.)
2024-10-13T09:24:30.780265Z 0 [Note] InnoDB: page_cleaner: 1000ms intended loop took 127694ms. The settings might not be optimal. (flushed=0 and evicted=0, during the time.)
2024-10-13T09:40:33.725548Z 0 [Note] InnoDB: page_cleaner: 1000ms intended loop took 290737ms. The settings might not be optimal. (flushed=0 and evicted=0, during the time.)
2024-10-13T09:55:49.371163Z 0 [Note] InnoDB: page_cleaner: 1000ms intended loop took 425041ms. The settings might not be optimal. (flushed=0 and evicted=0, during the time.)
2024-10-13T10:16:19.190825Z 0 [Note] InnoDB: page_cleaner: 1000ms intended loop took 57800ms. The settings might not be optimal. (flushed=0 and evicted=0, during the time.)
2024-10-13T10:24:29.011960Z 0 [Note] InnoDB: page_cleaner: 1000ms intended loop took 37537ms. The settings might not be optimal. (flushed=0 and evicted=0, during the time.)
2024-10-13T22:31:22.494686Z 0 [Warning] TIMESTAMP with implicit DEFAULT value is deprecated. Please use --explicit_defaults_for_timestamp server option (see documentation for more details).
2024-10-13T22:31:22.494903Z 0 [Note] --secure-file-priv is set to NULL. Operations related to importing and exporting data are disabled
2024-10-13T22:31:22.497265Z 0 [ERROR] Cannot open Windows EventLog; check privileges, or start server with --log_syslog=0
2024-10-13T22:31:22.497328Z 0 [Note] C:\Users\iliat\Downloads\usbwebserver/mysql/bin/mysqld_usbwv8.exe (mysqld 5.7.36) starting as process 8012 ...
2024-10-13T22:31:22.516350Z 0 [ERROR] Error message file 'C:\Users\iliat\Downloads\usbwebserver\mysql\share\english\errmsg.sys' had only 886 error messages,
                    but it should contain at least 1123 error messages.
                    Check that the above file is the right version for                     this program!
2024-10-13T22:31:22.593535Z 0 [Note] InnoDB: Mutexes and rw_locks use Windows interlocked functions
2024-10-13T22:31:22.595400Z 0 [Note] InnoDB: Uses event mutexes
2024-10-13T22:31:22.596564Z 0 [Note] InnoDB: Memory barrier is not used
2024-10-13T22:31:22.597873Z 0 [Note] InnoDB: Compressed tables use zlib 1.2.11
2024-10-13T22:31:22.600095Z 0 [Note] InnoDB: Number of pools: 1
2024-10-13T22:31:22.601397Z 0 [Note] InnoDB: Not using CPU crc32 instructions
2024-10-13T22:31:22.607881Z 0 [Note] InnoDB: Initializing buffer pool, total size = 128M, instances = 1, chunk size = 128M
2024-10-13T22:31:22.621721Z 0 [Note] InnoDB: Completed initialization of buffer pool
2024-10-13T22:31:22.722542Z 0 [Note] InnoDB: Highest supported file format is Barracuda.
2024-10-13T22:31:22.726949Z 0 [Note] InnoDB: Log scan progressed past the checkpoint lsn 1518037
2024-10-13T22:31:22.728137Z 0 [Note] InnoDB: Doing recovery: scanned up to log sequence number 1518046
2024-10-13T22:31:22.729369Z 0 [Note] InnoDB: Database was not shutdown normally!
2024-10-13T22:31:22.730333Z 0 [Note] InnoDB: Starting crash recovery.
2024-10-13T22:31:23.045483Z 0 [Note] InnoDB: Removed temporary tablespace data file: "ibtmp1"
2024-10-13T22:31:23.047524Z 0 [Note] InnoDB: Creating shared tablespace for temporary tables
2024-10-13T22:31:23.050576Z 0 [Note] InnoDB: Setting file 'C:\Users\iliat\Downloads\usbwebserver\mysql\data\ibtmp1' size to 12 MB. Physically writing the file full; Please wait ...
2024-10-13T22:31:23.083198Z 0 [Note] InnoDB: File 'C:\Users\iliat\Downloads\usbwebserver\mysql\data\ibtmp1' size is now 12 MB.
2024-10-13T22:31:23.104346Z 0 [Note] InnoDB: 96 redo rollback segment(s) found. 96 redo rollback segment(s) are active.
2024-10-13T22:31:23.107063Z 0 [Note] InnoDB: 32 non-redo rollback segment(s) are active.
2024-10-13T22:31:23.109215Z 0 [Note] InnoDB: Waiting for purge to start
2024-10-13T22:31:23.177193Z 0 [Note] InnoDB: 5.7.36 started; log sequence number 1518046
2024-10-13T22:31:23.179927Z 0 [Note] Plugin 'FEDERATED' is disabled.
2024-10-13T22:31:23.180356Z 0 [Note] InnoDB: Loading buffer pool(s) from C:\Users\iliat\Downloads\usbwebserver\mysql\data\ib_buffer_pool
2024-10-13T22:31:23.184275Z 0 [ERROR] InnoDB: Cannot open 'C:\Users\iliat\Downloads\usbwebserver\mysql\data\ib_buffer_pool' for reading: No such file or directory
2024-10-13T22:31:23.214866Z 0 [Warning] System table 'plugin' is expected to be transactional.
2024-10-13T22:31:23.231144Z 0 [Warning] Gtid table is not ready to be used. Table 'mysql.gtid_executed' cannot be opened.
2024-10-13T22:31:23.238051Z 0 [Note] Found ca.pem, server-cert.pem and server-key.pem in data directory. Trying to enable SSL support using them.
2024-10-13T22:31:23.240357Z 0 [Note] Skipping generation of SSL certificates as certificate files are present in data directory.
2024-10-13T22:31:23.242827Z 0 [Warning] 
2024-10-13T22:31:23.243850Z 0 [Warning] 
2024-10-13T22:31:23.298731Z 0 [Warning] CA certificate ca.pem is self signed.
2024-10-13T22:31:23.300339Z 0 [Note] Skipping generation of RSA key pair as key files are present in data directory.
2024-10-13T22:31:23.331694Z 0 [Note] Server hostname (bind-address): '*'; port: 3306
2024-10-13T22:31:23.334085Z 0 [Note] IPv6 is available.
2024-10-13T22:31:23.335125Z 0 [Note]   - '::' resolves to '::';
2024-10-13T22:31:23.336410Z 0 [Note] Server socket created on IP: '::'.
2024-10-13T22:31:23.338999Z 0 [Warning] Failed to open optimizer cost constant tables

2024-10-13T22:31:23.656483Z 0 [Warning] System table 'time_zone_leap_second' is expected to be transactional.
2024-10-13T22:31:23.659096Z 0 [Warning] System table 'time_zone_name' is expected to be transactional.
2024-10-13T22:31:23.662552Z 0 [Warning] System table 'time_zone' is expected to be transactional.
2024-10-13T22:31:23.666166Z 0 [Warning] System table 'time_zone_transition_type' is expected to be transactional.
2024-10-13T22:31:23.670211Z 0 [Warning] System table 'time_zone_transition' is expected to be transactional.
2024-10-13T22:31:23.859038Z 0 [Warning] System table 'servers' is expected to be transactional.
2024-10-13T22:31:23.926322Z 0 [Warning] InnoDB: Cannot open table mysql/slave_master_info from the internal data dictionary of InnoDB though the .frm file for the table exists. Please refer to http://dev.mysql.com/doc/refman/5.7/en/innodb-troubleshooting.html for how to resolve the issue.
2024-10-13T22:31:23.952228Z 0 [Warning] InnoDB: Cannot open table mysql/slave_relay_log_info from the internal data dictionary of InnoDB though the .frm file for the table exists. Please refer to http://dev.mysql.com/doc/refman/5.7/en/innodb-troubleshooting.html for how to resolve the issue.
2024-10-13T22:31:23.959855Z 0 [Warning] InnoDB: Cannot open table mysql/slave_master_info from the internal data dictionary of InnoDB though the .frm file for the table exists. Please refer to http://dev.mysql.com/doc/refman/5.7/en/innodb-troubleshooting.html for how to resolve the issue.
2024-10-13T22:31:23.966532Z 0 [Warning] Info table is not ready to be used. Table 'mysql.slave_master_info' cannot be opened.
2024-10-13T22:31:24.011163Z 0 [Warning] InnoDB: Cannot open table mysql/slave_worker_info from the internal data dictionary of InnoDB though the .frm file for the table exists. Please refer to http://dev.mysql.com/doc/refman/5.7/en/innodb-troubleshooting.html for how to resolve the issue.
2024-10-13T22:31:24.018544Z 0 [Warning] InnoDB: Cannot open table mysql/slave_relay_log_info from the internal data dictionary of InnoDB though the .frm file for the table exists. Please refer to http://dev.mysql.com/doc/refman/5.7/en/innodb-troubleshooting.html for how to resolve the issue.
2024-10-13T22:31:24.026033Z 0 [Warning] Info table is not ready to be used. Table 'mysql.slave_relay_log_info' cannot be opened.
2024-10-13T22:31:24.030340Z 0 [Note] Failed to start slave threads for channel ''
2024-10-13T22:31:24.100910Z 0 [ERROR] Incorrect definition of table performance_schema.events_waits_current: expected column 'NESTING_EVENT_TYPE' at position 15 to have type enum('TRANSACTION','STATEMENT','STAGE','WAIT', found type enum('STATEMENT','STAGE','WAIT').
2024-10-13T22:31:24.139330Z 0 [ERROR] Incorrect definition of table performance_schema.events_waits_history: expected column 'NESTING_EVENT_TYPE' at position 15 to have type enum('TRANSACTION','STATEMENT','STAGE','WAIT', found type enum('STATEMENT','STAGE','WAIT').
2024-10-13T22:31:24.174000Z 0 [ERROR] Incorrect definition of table performance_schema.events_waits_history_long: expected column 'NESTING_EVENT_TYPE' at position 15 to have type enum('TRANSACTION','STATEMENT','STAGE','WAIT', found type enum('STATEMENT','STAGE','WAIT').
2024-10-13T22:31:24.292065Z 0 [ERROR] Incorrect definition of table performance_schema.events_waits_summary_by_user_by_event_name: expected column 'USER' at position 0 to have type char(32), found type char(16).
2024-10-13T22:31:24.321572Z 0 [ERROR] Incorrect definition of table performance_schema.events_waits_summary_by_account_by_event_name: expected column 'USER' at position 0 to have type char(32), found type char(16).
2024-10-13T22:31:24.663865Z 0 [ERROR] 
2024-10-13T22:31:24.787535Z 0 [ERROR] Incorrect definition of table performance_schema.setup_objects: expected column 'OBJECT_TYPE' at position 0 to have type enum('EVENT','FUNCTION','PROCEDURE','TABLE','TRIGGER', found type enum('TABLE').
2024-10-13T22:31:24.917442Z 0 [ERROR] 
2024-10-13T22:31:24.934438Z 0 [ERROR] 
2024-10-13T22:31:24.950740Z 0 [ERROR] 
2024-10-13T22:31:24.970227Z 0 [ERROR] 
2024-10-13T22:31:24.990301Z 0 [ERROR] 
2024-10-13T22:31:25.023342Z 0 [ERROR] Incorrect definition of table performance_schema.events_stages_summary_by_account_by_event_name: expected column 'USER' at position 0 to have type char(32), found type char(16).
2024-10-13T22:31:25.041322Z 0 [ERROR] Incorrect definition of table performance_schema.events_stages_summary_by_user_by_event_name: expected column 'USER' at position 0 to have type char(32), found type char(16).
2024-10-13T22:31:25.093889Z 0 [ERROR] 
2024-10-13T22:31:25.109478Z 0 [ERROR] 
2024-10-13T22:31:25.125399Z 0 [ERROR] 
2024-10-13T22:31:25.158875Z 0 [ERROR] Incorrect definition of table performance_schema.events_statements_summary_by_account_by_event_name: expected column 'USER' at position 0 to have type char(32), found type char(16).
2024-10-13T22:31:25.176509Z 0 [ERROR] Incorrect definition of table performance_schema.events_statements_summary_by_user_by_event_name: expected column 'USER' at position 0 to have type char(32), found type char(16).
2024-10-13T22:31:25.276788Z 0 [ERROR] 
2024-10-13T22:31:25.277523Z 0 [ERROR] 
2024-10-13T22:31:25.278194Z 0 [ERROR] 
2024-10-13T22:31:25.278853Z 0 [ERROR] 
2024-10-13T22:31:25.279531Z 0 [ERROR] 
2024-10-13T22:31:25.280180Z 0 [ERROR] 
2024-10-13T22:31:25.280832Z 0 [ERROR] 
2024-10-13T22:31:25.281478Z 0 [ERROR] 
2024-10-13T22:31:25.282123Z 0 [ERROR] 
2024-10-13T22:31:25.294766Z 0 [ERROR] Incorrect definition of table performance_schema.users: expected column 'USER' at position 0 to have type char(32), found type char(16).
2024-10-13T22:31:25.308610Z 0 [ERROR] Incorrect definition of table performance_schema.accounts: expected column 'USER' at position 0 to have type char(32), found type char(16).
2024-10-13T22:31:25.411479Z 0 [ERROR] 
2024-10-13T22:31:25.412339Z 0 [ERROR] 
2024-10-13T22:31:25.413121Z 0 [ERROR] 
2024-10-13T22:31:25.413917Z 0 [ERROR] 
2024-10-13T22:31:25.414742Z 0 [ERROR] 
2024-10-13T22:31:25.415674Z 0 [ERROR] 
2024-10-13T22:31:25.416487Z 0 [ERROR] 
2024-10-13T22:31:25.417332Z 0 [ERROR] 
2024-10-13T22:31:25.418172Z 0 [ERROR] 
2024-10-13T22:31:25.419119Z 0 [ERROR] 
2024-10-13T22:31:25.419894Z 0 [ERROR] 
2024-10-13T22:31:25.420668Z 0 [ERROR] 
2024-10-13T22:31:25.421476Z 0 [ERROR] 
2024-10-13T22:31:25.422279Z 0 [ERROR] 
2024-10-13T22:31:25.423060Z 0 [ERROR] 
2024-10-13T22:31:25.423826Z 0 [ERROR] 
2024-10-13T22:31:25.424607Z 0 [ERROR] 
2024-10-13T22:31:25.425394Z 0 [ERROR] 
2024-10-13T22:31:25.426184Z 0 [ERROR] 
2024-10-13T22:31:25.426943Z 0 [ERROR] 
2024-10-13T22:31:25.427762Z 0 [ERROR] 
2024-10-13T22:31:25.428545Z 0 [ERROR] 
2024-10-13T22:31:25.429310Z 0 [ERROR] 
2024-10-13T22:31:25.430080Z 0 [ERROR] 
2024-10-13T22:31:25.430844Z 0 [ERROR] 
2024-10-13T22:31:25.431627Z 0 [ERROR] 
2024-10-13T22:31:25.432533Z 0 [ERROR] Incorrect definition of table mysql.db: expected column 'User' at position 2 to have type char(32), found type char(16).
2024-10-13T22:31:25.434896Z 0 [ERROR] mysql.user has no `Event_priv` column at position 28
2024-10-13T22:31:25.460748Z 0 [ERROR] Event Scheduler: An error occurred when initializing system tables. Disabling the Event Scheduler.
2024-10-13T22:31:25.463054Z 0 [Note] 
2024-10-13T22:32:12.182123Z 18 [ERROR] InnoDB: Table `mysql`.`innodb_table_stats` not found.
2024-10-13T22:32:12.184617Z 18 [ERROR] InnoDB: Fetch of persistent statistics requested for table `synchroclub`.`classes` but the required system tables mysql.innodb_table_stats and mysql.innodb_index_stats are not present or have unexpected structure. Using transient stats instead.
2024-10-13T22:32:12.226934Z 18 [ERROR] InnoDB: Table `mysql`.`innodb_table_stats` not found.
2024-10-13T22:32:12.229477Z 18 [ERROR] InnoDB: Fetch of persistent statistics requested for table `synchroclub`.`users` but the required system tables mysql.innodb_table_stats and mysql.innodb_index_stats are not present or have unexpected structure. Using transient stats instead.
2024-10-13T23:54:29.856006ZZ 0 [Warning] TIMESTAM P with implicii t FAULF vAluULT value is deprecated. Please usici -defapliuittsdfefaults_for_timrvetamp server oe dionc(ueeentoctioent for mfor  dertailsai.
20
2024-10-13T23:54:29.856095Z 0 [Note] secure-file-priv is set to NULL. Operations related to impimporting and exnd ting dexporring ista aed
202sabled
2024-10-13T23:54:Z 0 856486Z 0 [ERROR] Cannot open Windows EventLog; check privileges, or start server with --log_
syslog=0
2024-10-13T23:54:29.856509Z 0 [Note] C:\Users\iliat\Downloads\usbwebserver/mysql/bin/bmysqld_usbwv8.exe (mysqld 5.7.36) s process 13712 ... 230024.-1
2024T-1023:523:254:29.84Z 0 [ZERROR] OR] rErroessassage filC:\'sCrs\isers\iowlnat\ads\usbwebserver\mysql\share\engare\enelrsh\errys' had' had  only 886 emessages,ages,  
                  ut it  should containtain aea set 112323 eroro m mesages..
                    Check that the above filee iss the right version fforr                       this program!

2024-10-13T23:54:29.890575Z 0 [Note] 2n024-1 Mutex2s3:54:29.89097 use  Winde] Innterl: Mute fun and rw
_locks u-13TWin:54:29.8ter70o6Z 0 [Nncti] Inn
o2B: Uses ev23t mutexes2230Z -0 [13T23:54:29.892499Z 0 [Note] InnoD
B2024-10-13T23:54 is not used0 [Note] InnoDB: Memory barrier is te] InnoD
B: Compressed tables use z4-1 1.2.11:54:29.893789Z 0 [Note] InnoDB: Compressed tab2es24-1 -zlTi3b5 1.2.194
681Z 0 [Note] InnoDB: Number of pools: 2
024-10-13T23:54:229.80-14162Z 0 [29.te] InnoDB: Number of poolNot u
ing CPU crc32 instru2t0o24
-10-13T23:54:29.896314Z 0 [Note] InnoDB: Not using CPU crc32 instructions
2024-10-13T23:54:29.899865Z 0 [Note] InnoDB: Initializing buffer pool, total size = 128M, instances = 1, chunk size = 128M
2024-10-13T23:54:29.901479Z 0 [Note] InnoDB: Initializing buffer pool, total size = 128M, instances = 1, chunk size = 128M
2024-10-13T23:54:29.913300Z 0 [Note] InnoDB: Completed initialization of buffer pool
2024-10-13T23:54:29.915967Z 0 [Note] InnoDB: Completed initialization of buffer pool
2024-10-13T23:54:29.940557Z 0 [ERROR] InnoDB: Operating system error number 32 in a file operation.
2024-10-13T23:54:29.941623Z 0 [ERROR] InnoDB: The error means that another program is using InnoDB's files. This might be a backup or antivirus software or another instance of MySQL. Please close it to get rid of this error.
2024-10-13T23:54:29.959402Z 0 [Note] InnoDB: Highest supported file format is Barracuda.
2024-10-13T23:54:29.969213Z 0 [Note] InnoDB: Log scan progressed past the checkpoint lsn 1518996
2024-10-13T23:54:29.970259Z 0 [Note] InnoDB: Doing recovery: scanned up to log sequence number 1519005
2024-10-13T23:54:29.971373Z 0 [Note] InnoDB: Database was not shutdown normally!
2024-10-13T23:54:29.972226Z 0 [Note] InnoDB: Starting crash recovery.
2024-10-13T23:54:30.309630Z 0 [Note] InnoDB: Removed temporary tablespace data file: "ibtmp1"
2024-10-13T23:54:30.310624Z 0 [Note] InnoDB: Creating shared tablespace for temporary tables
2024-10-13T23:54:30.312067Z 0 [Note] InnoDB: Setting file 'C:\Users\iliat\Downloads\usbwebserver\mysql\data\ibtmp1' size to 12 MB. Physically writing the file full; Please wait ...
2024-10-13T23:54:30.366929Z 0 [Note] InnoDB: File 'C:\Users\iliat\Downloads\usbwebserver\mysql\data\ibtmp1' size is now 12 MB.
2024-10-13T23:54:30.379718Z 0 [Note] InnoDB: 96 redo rollback segment(s) found. 96 redo rollback segment(s) are active.
2024-10-13T23:54:30.380512Z 0 [Note] InnoDB: 32 non-redo rollback segment(s) are active.
2024-10-13T23:54:30.381424Z 0 [Note] InnoDB: Waiting for purge to start
2024-10-13T23:54:30.448257Z 0 [Note] InnoDB: 5.7.36 started; log sequence number 1519005
2024-10-13T23:54:30.449498Z 0 [Note] InnoDB: Loading buffer pool(s) from C:\Users\iliat\Downloads\usbwebserver\mysql\data\ib_buffer_pool
2024-10-13T23:54:30.449584Z 0 [Note] Plugin 'FEDERATED' is disabled.
2024-10-13T23:54:30.450586Z 0 [ERROR] InnoDB: Cannot open 'C:\Users\iliat\Downloads\usbwebserver\mysql\data\ib_buffer_pool' for reading: No such file or directory
2024-10-13T23:54:30.453569Z 0 [Warning] System table 'plugin' is expected to be transactional.
2024-10-13T23:54:30.454953Z 0 [Warning] Gtid table is not ready to be used. Table 'mysql.gtid_executed' cannot be opened.
2024-10-13T23:54:30.457387Z 0 [Note] Found ca.pem, server-cert.pem and server-key.pem in data directory. Trying to enable SSL support using them.
2024-10-13T23:54:30.458576Z 0 [Note] Skipping generation of SSL certificates as certificate files are present in data directory.
2024-10-13T23:54:30.459722Z 0 [Warning] 
2024-10-13T23:54:30.460074Z 0 [Warning] 
2024-10-13T23:54:30.462117Z 0 [Warning] CA certificate ca.pem is self signed.
2024-10-13T23:54:30.462811Z 0 [Note] Skipping generation of RSA key pair as key files are present in data directory.
2024-10-13T23:54:30.464009Z 0 [Note] Server hostname (bind-address): '*'; port: 3306
2024-10-13T23:54:30.465456Z 0 [Note] IPv6 is available.
2024-10-13T23:54:30.466086Z 0 [Note]   - '::' resolves to '::';
2024-10-13T23:54:30.466871Z 0 [Note] Server socket created on IP: '::'.
2024-10-13T23:54:30.468327Z 0 [Warning] Failed to open optimizer cost constant tables

2024-10-13T23:54:30.492078Z 0 [Warning] System table 'time_zone_leap_second' is expected to be transactional.
2024-10-13T23:54:30.493003Z 0 [Warning] System table 'time_zone_name' is expected to be transactional.
2024-10-13T23:54:30.493914Z 0 [Warning] System table 'time_zone' is expected to be transactional.
2024-10-13T23:54:30.494635Z 0 [Warning] System table 'time_zone_transition_type' is expected to be transactional.
2024-10-13T23:54:30.495353Z 0 [Warning] System table 'time_zone_transition' is expected to be transactional.
2024-10-13T23:54:30.498154Z 0 [Warning] System table 'servers' is expected to be transactional.
2024-10-13T23:54:30.499852Z 0 [Warning] InnoDB: Cannot open table mysql/slave_master_info from the internal data dictionary of InnoDB though the .frm file for the table exists. Please refer to http://dev.mysql.com/doc/refman/5.7/en/innodb-troubleshooting.html for how to resolve the issue.
2024-10-13T23:54:30.503059Z 0 [Warning] InnoDB: Cannot open table mysql/slave_relay_log_info from the internal data dictionary of InnoDB though the .frm file for the table exists. Please refer to http://dev.mysql.com/doc/refman/5.7/en/innodb-troubleshooting.html for how to resolve the issue.
2024-10-13T23:54:30.506102Z 0 [Warning] InnoDB: Cannot open table mysql/slave_master_info from the internal data dictionary of InnoDB though the .frm file for the table exists. Please refer to http://dev.mysql.com/doc/refman/5.7/en/innodb-troubleshooting.html for how to resolve the issue.
2024-10-13T23:54:30.508900Z 0 [Warning] Info table is not ready to be used. Table 'mysql.slave_master_info' cannot be opened.
2024-10-13T23:54:30.510539Z 0 [Warning] InnoDB: Cannot open table mysql/slave_worker_info from the internal data dictionary of InnoDB though the .frm file for the table exists. Please refer to http://dev.mysql.com/doc/refman/5.7/en/innodb-troubleshooting.html for how to resolve the issue.
2024-10-13T23:54:30.513492Z 0 [Warning] InnoDB: Cannot open table mysql/slave_relay_log_info from the internal data dictionary of InnoDB though the .frm file for the table exists. Please refer to http://dev.mysql.com/doc/refman/5.7/en/innodb-troubleshooting.html for how to resolve the issue.
2024-10-13T23:54:30.516056Z 0 [Warning] Info table is not ready to be used. Table 'mysql.slave_relay_log_info' cannot be opened.
2024-10-13T23:54:30.517040Z 0 [Note] Failed to start slave threads for channel ''
2024-10-13T23:54:30.518057Z 0 [ERROR] Incorrect definition of table performance_schema.events_waits_current: expected column 'NESTING_EVENT_TYPE' at position 15 to have type enum('TRANSACTION','STATEMENT','STAGE','WAIT', found type enum('STATEMENT','STAGE','WAIT').
2024-10-13T23:54:30.519957Z 0 [ERROR] Incorrect definition of table performance_schema.events_waits_history: expected column 'NESTING_EVENT_TYPE' at position 15 to have type enum('TRANSACTION','STATEMENT','STAGE','WAIT', found type enum('STATEMENT','STAGE','WAIT').
2024-10-13T23:54:30.521967Z 0 [ERROR] Incorrect definition of table performance_schema.events_waits_history_long: expected column 'NESTING_EVENT_TYPE' at position 15 to have type enum('TRANSACTION','STATEMENT','STAGE','WAIT', found type enum('STATEMENT','STAGE','WAIT').
2024-10-13T23:54:30.524435Z 0 [ERROR] Incorrect definition of table performance_schema.events_waits_summary_by_user_by_event_name: expected column 'USER' at position 0 to have type char(32), found type char(16).
2024-10-13T23:54:30.525953Z 0 [ERROR] Incorrect definition of table performance_schema.events_waits_summary_by_account_by_event_name: expected column 'USER' at position 0 to have type char(32), found type char(16).
2024-10-13T23:54:30.529059Z 0 [ERROR] 
2024-10-13T23:54:30.529800Z 0 [ERROR] Incorrect definition of table performance_schema.setup_objects: expected column 'OBJECT_TYPE' at position 0 to have type enum('EVENT','FUNCTION','PROCEDURE','TABLE','TRIGGER', found type enum('TABLE').
2024-10-13T23:54:30.532658Z 0 [ERROR] 
2024-10-13T23:54:30.533167Z 0 [ERROR] 
2024-10-13T23:54:30.533689Z 0 [ERROR] 
2024-10-13T23:54:30.534389Z 0 [ERROR] 
2024-10-13T23:54:30.535053Z 0 [ERROR] 
2024-10-13T23:54:30.535825Z 0 [ERROR] Incorrect definition of table performance_schema.events_stages_summary_by_account_by_event_name: expected column 'USER' at position 0 to have type char(32), found type char(16).
2024-10-13T23:54:30.537787Z 0 [ERROR] Incorrect definition of table performance_schema.events_stages_summary_by_user_by_event_name: expected column 'USER' at position 0 to have type char(32), found type char(16).
2024-10-13T23:54:30.540226Z 0 [ERROR] 
2024-10-13T23:54:30.540797Z 0 [ERROR] 
2024-10-13T23:54:30.541351Z 0 [ERROR] 
2024-10-13T23:54:30.542138Z 0 [ERROR] Incorrect definition of table performance_schema.events_statements_summary_by_account_by_event_name: expected column 'USER' at position 0 to have type char(32), found type char(16).
2024-10-13T23:54:30.544140Z 0 [ERROR] Incorrect definition of table performance_schema.events_statements_summary_by_user_by_event_name: expected column 'USER' at position 0 to have type char(32), found type char(16).
2024-10-13T23:54:30.546716Z 0 [ERROR] 
2024-10-13T23:54:30.547166Z 0 [ERROR] 
2024-10-13T23:54:30.547664Z 0 [ERROR] 
2024-10-13T23:54:30.548137Z 0 [ERROR] 
2024-10-13T23:54:30.548756Z 0 [ERROR] 
2024-10-13T23:54:30.549104Z 0 [ERROR] 
2024-10-13T23:54:30.549447Z 0 [ERROR] 
2024-10-13T23:54:30.549791Z 0 [ERROR] 
2024-10-13T23:54:30.550210Z 0 [ERROR] 
2024-10-13T23:54:30.550942Z 0 [ERROR] Incorrect definition of table performance_schema.users: expected column 'USER' at position 0 to have type char(32), found type char(16).
2024-10-13T23:54:30.552349Z 0 [ERROR] Incorrect definition of table performance_schema.accounts: expected column 'USER' at position 0 to have type char(32), found type char(16).
2024-10-13T23:54:30.554856Z 0 [ERROR] 
2024-10-13T23:54:30.555212Z 0 [ERROR] 
2024-10-13T23:54:30.555549Z 0 [ERROR] 
2024-10-13T23:54:30.555942Z 0 [ERROR] 
2024-10-13T23:54:30.556294Z 0 [ERROR] 
2024-10-13T23:54:30.556632Z 0 [ERROR] 
2024-10-13T23:54:30.556968Z 0 [ERROR] 
2024-10-13T23:54:30.557397Z 0 [ERROR] 
2024-10-13T23:54:30.557756Z 0 [ERROR] 
2024-10-13T23:54:30.558116Z 0 [ERROR] 
2024-10-13T23:54:30.558475Z 0 [ERROR] 
2024-10-13T23:54:30.558829Z 0 [ERROR] 
2024-10-13T23:54:30.559219Z 0 [ERROR] 
2024-10-13T23:54:30.559555Z 0 [ERROR] 
2024-10-13T23:54:30.559885Z 0 [ERROR] 
2024-10-13T23:54:30.560216Z 0 [ERROR] 
2024-10-13T23:54:30.560547Z 0 [ERROR] 
2024-10-13T23:54:30.560887Z 0 [ERROR] 
2024-10-13T23:54:30.561272Z 0 [ERROR] 
2024-10-13T23:54:30.561610Z 0 [ERROR] 
2024-10-13T23:54:30.561957Z 0 [ERROR] 
2024-10-13T23:54:30.562303Z 0 [ERROR] 
2024-10-13T23:54:30.562638Z 0 [ERROR] 
2024-10-13T23:54:30.562970Z 0 [ERROR] 
2024-10-13T23:54:30.563330Z 0 [ERROR] 
2024-10-13T23:54:30.563661Z 0 [ERROR] 
2024-10-13T23:54:30.564070Z 0 [ERROR] Incorrect definition of table mysql.db: expected column 'User' at position 2 to have type char(32), found type char(16).
2024-10-13T23:54:30.565230Z 0 [ERROR] mysql.user has no `Event_priv` column at position 28
2024-10-13T23:54:30.566357Z 0 [ERROR] Event Scheduler: An error occurred when initializing system tables. Disabling the Event Scheduler.
2024-10-13T23:54:30.567408Z 0 [Note] 
2024-10-13T23:55:01.737947Z 0 [Warning] TIMESTAMP with implicit DEFAULT value is deprecated. Please use --explicit_defaults_for_timestamp server option (see documentation for more details).
2024-10-13T23:55:01.738015Z 0 [Note] --secure-file-priv is set to NULL. Operations related to importing and exporting data are disabled
2024-10-13T23:55:01.738995Z 0 [ERROR] Cannot open Windows EventLog; check privileges, or start server with --log_syslog=0
2024-10-13T23:55:01.739013Z 0 [Note] C:\Users\iliat\Downloads\usbwebserver/mysql/bin/mysqld_usbwv8.exe (mysqld 5.7.36) starting as process 14272 ...
2024-10-13T23:55:01.739538Z 0 [ERROR] Error message file 'C:\Users\iliat\Downloads\usbwebserver\mysql\share\english\errmsg.sys' had only 886 error messages,
                    but it should contain at least 1123 error messages.
                    Check that the above file is the right version for                     this program!
2024-10-13T23:55:01.757765Z 0 [Note] InnoDB: Mutexes and rw_locks use Windows interlocked functions
2024-10-13T23:55:01.758375Z 0 [Note] InnoDB: Uses event mutexes
2024-10-13T23:55:01.758757Z 0 [Note] InnoDB: Memory barrier is not used
2024-10-13T23:55:01.759185Z 0 [Note] InnoDB: Compressed tables use zlib 1.2.11
2024-10-13T23:55:01.759907Z 0 [Note] InnoDB: Number of pools: 1
2024-10-13T23:55:01.760373Z 0 [Note] InnoDB: Not using CPU crc32 instructions
2024-10-13T23:55:01.763720Z 0 [Note] InnoDB: Initializing buffer pool, total size = 128M, instances = 1, chunk size = 128M
2024-10-13T23:55:01.770427Z 0 [Note] InnoDB: Completed initialization of buffer pool
2024-10-13T23:55:01.810643Z 0 [Note] InnoDB: Highest supported file format is Barracuda.
2024-10-13T23:55:01.815099Z 0 [Note] InnoDB: Log scan progressed past the checkpoint lsn 1519024
2024-10-13T23:55:01.815707Z 0 [Note] InnoDB: Doing recovery: scanned up to log sequence number 1519033
2024-10-13T23:55:01.816306Z 0 [Note] InnoDB: Database was not shutdown normally!
2024-10-13T23:55:01.816832Z 0 [Note] InnoDB: Starting crash recovery.
2024-10-13T23:55:02.104097Z 0 [Note] InnoDB: Removed temporary tablespace data file: "ibtmp1"
2024-10-13T23:55:02.104802Z 0 [Note] InnoDB: Creating shared tablespace for temporary tables
2024-10-13T23:55:02.105780Z 0 [Note] InnoDB: Setting file 'C:\Users\iliat\Downloads\usbwebserver\mysql\data\ibtmp1' size to 12 MB. Physically writing the file full; Please wait ...
2024-10-13T23:55:02.161809Z 0 [Note] InnoDB: File 'C:\Users\iliat\Downloads\usbwebserver\mysql\data\ibtmp1' size is now 12 MB.
2024-10-13T23:55:02.173204Z 0 [Note] InnoDB: 96 redo rollback segment(s) found. 96 redo rollback segment(s) are active.
2024-10-13T23:55:02.173975Z 0 [Note] InnoDB: 32 non-redo rollback segment(s) are active.
2024-10-13T23:55:02.174938Z 0 [Note] InnoDB: Waiting for purge to start
2024-10-13T23:55:02.236894Z 0 [Note] InnoDB: 5.7.36 started; log sequence number 1519033
2024-10-13T23:55:02.238010Z 0 [Note] Plugin 'FEDERATED' is disabled.
2024-10-13T23:55:02.238046Z 0 [Note] InnoDB: Loading buffer pool(s) from C:\Users\iliat\Downloads\usbwebserver\mysql\data\ib_buffer_pool
2024-10-13T23:55:02.239480Z 0 [ERROR] InnoDB: Cannot open 'C:\Users\iliat\Downloads\usbwebserver\mysql\data\ib_buffer_pool' for reading: No such file or directory
2024-10-13T23:55:02.240116Z 0 [Warning] System table 'plugin' is expected to be transactional.
2024-10-13T23:55:02.241901Z 0 [Warning] Gtid table is not ready to be used. Table 'mysql.gtid_executed' cannot be opened.
2024-10-13T23:55:02.243954Z 0 [Note] Found ca.pem, server-cert.pem and server-key.pem in data directory. Trying to enable SSL support using them.
2024-10-13T23:55:02.244836Z 0 [Note] Skipping generation of SSL certificates as certificate files are present in data directory.
2024-10-13T23:55:02.245580Z 0 [Warning] 
2024-10-13T23:55:02.245817Z 0 [Warning] 
2024-10-13T23:55:02.247802Z 0 [Warning] CA certificate ca.pem is self signed.
2024-10-13T23:55:02.248453Z 0 [Note] Skipping generation of RSA key pair as key files are present in data directory.
2024-10-13T23:55:02.249396Z 0 [Note] Server hostname (bind-address): '*'; port: 3306
2024-10-13T23:55:02.250264Z 0 [Note] IPv6 is available.
2024-10-13T23:55:02.250658Z 0 [Note]   - '::' resolves to '::';
2024-10-13T23:55:02.251098Z 0 [Note] Server socket created on IP: '::'.
2024-10-13T23:55:02.252164Z 0 [Warning] Failed to open optimizer cost constant tables

2024-10-13T23:55:02.268100Z 0 [Warning] System table 'time_zone_leap_second' is expected to be transactional.
2024-10-13T23:55:02.268812Z 0 [Warning] System table 'time_zone_name' is expected to be transactional.
2024-10-13T23:55:02.269403Z 0 [Warning] System table 'time_zone' is expected to be transactional.
2024-10-13T23:55:02.269966Z 0 [Warning] System table 'time_zone_transition_type' is expected to be transactional.
2024-10-13T23:55:02.270620Z 0 [Warning] System table 'time_zone_transition' is expected to be transactional.
2024-10-13T23:55:02.273086Z 0 [Warning] System table 'servers' is expected to be transactional.
2024-10-13T23:55:02.274438Z 0 [Warning] InnoDB: Cannot open table mysql/slave_master_info from the internal data dictionary of InnoDB though the .frm file for the table exists. Please refer to http://dev.mysql.com/doc/refman/5.7/en/innodb-troubleshooting.html for how to resolve the issue.
2024-10-13T23:55:02.276429Z 0 [Warning] InnoDB: Cannot open table mysql/slave_relay_log_info from the internal data dictionary of InnoDB though the .frm file for the table exists. Please refer to http://dev.mysql.com/doc/refman/5.7/en/innodb-troubleshooting.html for how to resolve the issue.
2024-10-13T23:55:02.278219Z 0 [Warning] InnoDB: Cannot open table mysql/slave_master_info from the internal data dictionary of InnoDB though the .frm file for the table exists. Please refer to http://dev.mysql.com/doc/refman/5.7/en/innodb-troubleshooting.html for how to resolve the issue.
2024-10-13T23:55:02.279901Z 0 [Warning] Info table is not ready to be used. Table 'mysql.slave_master_info' cannot be opened.
2024-10-13T23:55:02.281037Z 0 [Warning] InnoDB: Cannot open table mysql/slave_worker_info from the internal data dictionary of InnoDB though the .frm file for the table exists. Please refer to http://dev.mysql.com/doc/refman/5.7/en/innodb-troubleshooting.html for how to resolve the issue.
2024-10-13T23:55:02.282888Z 0 [Warning] InnoDB: Cannot open table mysql/slave_relay_log_info from the internal data dictionary of InnoDB though the .frm file for the table exists. Please refer to http://dev.mysql.com/doc/refman/5.7/en/innodb-troubleshooting.html for how to resolve the issue.
2024-10-13T23:55:02.284586Z 0 [Warning] Info table is not ready to be used. Table 'mysql.slave_relay_log_info' cannot be opened.
2024-10-13T23:55:02.285382Z 0 [Note] Failed to start slave threads for channel ''
2024-10-13T23:55:02.286247Z 0 [ERROR] Incorrect definition of table performance_schema.events_waits_current: expected column 'NESTING_EVENT_TYPE' at position 15 to have type enum('TRANSACTION','STATEMENT','STAGE','WAIT', found type enum('STATEMENT','STAGE','WAIT').
2024-10-13T23:55:02.287991Z 0 [ERROR] Incorrect definition of table performance_schema.events_waits_history: expected column 'NESTING_EVENT_TYPE' at position 15 to have type enum('TRANSACTION','STATEMENT','STAGE','WAIT', found type enum('STATEMENT','STAGE','WAIT').
2024-10-13T23:55:02.289774Z 0 [ERROR] Incorrect definition of table performance_schema.events_waits_history_long: expected column 'NESTING_EVENT_TYPE' at position 15 to have type enum('TRANSACTION','STATEMENT','STAGE','WAIT', found type enum('STATEMENT','STAGE','WAIT').
2024-10-13T23:55:02.292011Z 0 [ERROR] Incorrect definition of table performance_schema.events_waits_summary_by_user_by_event_name: expected column 'USER' at position 0 to have type char(32), found type char(16).
2024-10-13T23:55:02.293403Z 0 [ERROR] Incorrect definition of table performance_schema.events_waits_summary_by_account_by_event_name: expected column 'USER' at position 0 to have type char(32), found type char(16).
2024-10-13T23:55:02.296386Z 0 [ERROR] 
2024-10-13T23:55:02.297176Z 0 [ERROR] Incorrect definition of table performance_schema.setup_objects: expected column 'OBJECT_TYPE' at position 0 to have type enum('EVENT','FUNCTION','PROCEDURE','TABLE','TRIGGER', found type enum('TABLE').
2024-10-13T23:55:02.299425Z 0 [ERROR] 
2024-10-13T23:55:02.299838Z 0 [ERROR] 
2024-10-13T23:55:02.300228Z 0 [ERROR] 
2024-10-13T23:55:02.300615Z 0 [ERROR] 
2024-10-13T23:55:02.301023Z 0 [ERROR] 
2024-10-13T23:55:02.301608Z 0 [ERROR] Incorrect definition of table performance_schema.events_stages_summary_by_account_by_event_name: expected column 'USER' at position 0 to have type char(32), found type char(16).
2024-10-13T23:55:02.303100Z 0 [ERROR] Incorrect definition of table performance_schema.events_stages_summary_by_user_by_event_name: expected column 'USER' at position 0 to have type char(32), found type char(16).
2024-10-13T23:55:02.304933Z 0 [ERROR] 
2024-10-13T23:55:02.305352Z 0 [ERROR] 
2024-10-13T23:55:02.305764Z 0 [ERROR] 
2024-10-13T23:55:02.306358Z 0 [ERROR] Incorrect definition of table performance_schema.events_statements_summary_by_account_by_event_name: expected column 'USER' at position 0 to have type char(32), found type char(16).
2024-10-13T23:55:02.307829Z 0 [ERROR] Incorrect definition of table performance_schema.events_statements_summary_by_user_by_event_name: expected column 'USER' at position 0 to have type char(32), found type char(16).
2024-10-13T23:55:02.309726Z 0 [ERROR] 
2024-10-13T23:55:02.310046Z 0 [ERROR] 
2024-10-13T23:55:02.310354Z 0 [ERROR] 
2024-10-13T23:55:02.310722Z 0 [ERROR] 
2024-10-13T23:55:02.311049Z 0 [ERROR] 
2024-10-13T23:55:02.311358Z 0 [ERROR] 
2024-10-13T23:55:02.311671Z 0 [ERROR] 
2024-10-13T23:55:02.311979Z 0 [ERROR] 
2024-10-13T23:55:02.312385Z 0 [ERROR] 
2024-10-13T23:55:02.312779Z 0 [ERROR] Incorrect definition of table performance_schema.users: expected column 'USER' at position 0 to have type char(32), found type char(16).
2024-10-13T23:55:02.313973Z 0 [ERROR] Incorrect definition of table performance_schema.accounts: expected column 'USER' at position 0 to have type char(32), found type char(16).
2024-10-13T23:55:02.316174Z 0 [ERROR] 
2024-10-13T23:55:02.316561Z 0 [ERROR] 
2024-10-13T23:55:02.316870Z 0 [ERROR] 
2024-10-13T23:55:02.317177Z 0 [ERROR] 
2024-10-13T23:55:02.317489Z 0 [ERROR] 
2024-10-13T23:55:02.317799Z 0 [ERROR] 
2024-10-13T23:55:02.318185Z 0 [ERROR] 
2024-10-13T23:55:02.318494Z 0 [ERROR] 
2024-10-13T23:55:02.318800Z 0 [ERROR] 
2024-10-13T23:55:02.319108Z 0 [ERROR] 
2024-10-13T23:55:02.319414Z 0 [ERROR] 
2024-10-13T23:55:02.319721Z 0 [ERROR] 
2024-10-13T23:55:02.320035Z 0 [ERROR] 
2024-10-13T23:55:02.320342Z 0 [ERROR] 
2024-10-13T23:55:02.320650Z 0 [ERROR] 
2024-10-13T23:55:02.320956Z 0 [ERROR] 
2024-10-13T23:55:02.321263Z 0 [ERROR] 
2024-10-13T23:55:02.321571Z 0 [ERROR] 
2024-10-13T23:55:02.321877Z 0 [ERROR] 
2024-10-13T23:55:02.322183Z 0 [ERROR] 
2024-10-13T23:55:02.322505Z 0 [ERROR] 
2024-10-13T23:55:02.322816Z 0 [ERROR] 
2024-10-13T23:55:02.323124Z 0 [ERROR] 
2024-10-13T23:55:02.323469Z 0 [ERROR] 
2024-10-13T23:55:02.323777Z 0 [ERROR] 
2024-10-13T23:55:02.324083Z 0 [ERROR] 
2024-10-13T23:55:02.324448Z 0 [ERROR] Incorrect definition of table mysql.db: expected column 'User' at position 2 to have type char(32), found type char(16).
2024-10-13T23:55:02.325457Z 0 [ERROR] mysql.user has no `Event_priv` column at position 28
2024-10-13T23:55:02.326425Z 0 [ERROR] Event Scheduler: An error occurred when initializing system tables. Disabling the Event Scheduler.
2024-10-13T23:55:02.327362Z 0 [Note] 
2024-10-13T23:55:05.875164Z 2 [ERROR] InnoDB: Table `mysql`.`innodb_table_stats` not found.
2024-10-13T23:55:05.877208Z 2 [ERROR] InnoDB: Fetch of persistent statistics requested for table `synchroclub`.`users` but the required system tables mysql.innodb_table_stats and mysql.innodb_index_stats are not present or have unexpected structure. Using transient stats instead.
2024-10-14T01:56:36.320934Z 0 [Warning] TIMESTAMP with implicit DEFAULT value is deprecated. Please use --explicit_defaults_for_timestamp server option (see documentation for more details).
2024-10-14T01:56:36.321098Z 0 [Note] --secure-file-priv is set to NULL. Operations related to importing and exporting data are disabled
2024-10-14T01:56:36.322689Z 0 [ERROR] Cannot open Windows EventLog; check privileges, or start server with --log_syslog=0
2024-10-14T01:56:36.322746Z 0 [Note] C:\Users\iliat\Downloads\usbwebserver/mysql/bin/mysqld_usbwv8.exe (mysqld 5.7.36) starting as process 11892 ...
2024-10-14T01:56:36.324251Z 0 [ERROR] Error message file 'C:\Users\iliat\Downloads\usbwebserver\mysql\share\english\errmsg.sys' had only 886 error messages,
                    but it should contain at least 1123 error messages.
                    Check that the above file is the right version for                     this program!
2024-10-14T01:56:36.376996Z 0 [Note] InnoDB: Mutexes and rw_locks use Windows interlocked functions
2024-10-14T01:56:36.378908Z 0 [Note] InnoDB: Uses event mutexes
2024-10-14T01:56:36.380020Z 0 [Note] InnoDB: Memory barrier is not used
2024-10-14T01:56:36.381198Z 0 [Note] InnoDB: Compressed tables use zlib 1.2.11
2024-10-14T01:56:36.383188Z 0 [Note] InnoDB: Number of pools: 1
2024-10-14T01:56:36.384469Z 0 [Note] InnoDB: Not using CPU crc32 instructions
2024-10-14T01:56:36.391789Z 0 [Note] InnoDB: Initializing buffer pool, total size = 128M, instances = 1, chunk size = 128M
2024-10-14T01:56:36.409637Z 0 [Note] InnoDB: Completed initialization of buffer pool
2024-10-14T01:56:36.456510Z 0 [Note] InnoDB: Highest supported file format is Barracuda.
2024-10-14T01:56:36.461748Z 0 [Note] InnoDB: Log scan progressed past the checkpoint lsn 1519052
2024-10-14T01:56:36.463388Z 0 [Note] InnoDB: Doing recovery: scanned up to log sequence number 1519061
2024-10-14T01:56:36.465076Z 0 [Note] InnoDB: Database was not shutdown normally!
2024-10-14T01:56:36.466395Z 0 [Note] InnoDB: Starting crash recovery.
2024-10-14T01:56:36.961366Z 0 [Note] InnoDB: Removed temporary tablespace data file: "ibtmp1"
2024-10-14T01:56:36.963436Z 0 [Note] InnoDB: Creating shared tablespace for temporary tables
2024-10-14T01:56:36.966198Z 0 [Note] InnoDB: Setting file 'C:\Users\iliat\Downloads\usbwebserver\mysql\data\ibtmp1' size to 12 MB. Physically writing the file full; Please wait ...
2024-10-14T01:56:36.996496Z 0 [Note] InnoDB: File 'C:\Users\iliat\Downloads\usbwebserver\mysql\data\ibtmp1' size is now 12 MB.
2024-10-14T01:56:37.008822Z 0 [Note] InnoDB: 96 redo rollback segment(s) found. 96 redo rollback segment(s) are active.
2024-10-14T01:56:37.009855Z 0 [Note] InnoDB: 32 non-redo rollback segment(s) are active.
2024-10-14T01:56:37.011017Z 0 [Note] InnoDB: Waiting for purge to start
2024-10-14T01:56:37.071147Z 0 [Note] InnoDB: 5.7.36 started; log sequence number 1519061
2024-10-14T01:56:37.074430Z 0 [Note] Plugin 'FEDERATED' is disabled.
2024-10-14T01:56:37.074446Z 0 [Note] InnoDB: Loading buffer pool(s) from C:\Users\iliat\Downloads\usbwebserver\mysql\data\ib_buffer_pool
2024-10-14T01:56:37.078294Z 0 [ERROR] InnoDB: Cannot open 'C:\Users\iliat\Downloads\usbwebserver\mysql\data\ib_buffer_pool' for reading: No such file or directory
2024-10-14T01:56:37.080094Z 0 [Warning] System table 'plugin' is expected to be transactional.
2024-10-14T01:56:37.085409Z 0 [Warning] Gtid table is not ready to be used. Table 'mysql.gtid_executed' cannot be opened.
2024-10-14T01:56:37.094145Z 0 [Note] Found ca.pem, server-cert.pem and server-key.pem in data directory. Trying to enable SSL support using them.
2024-10-14T01:56:37.097072Z 0 [Note] Skipping generation of SSL certificates as certificate files are present in data directory.
2024-10-14T01:56:37.099793Z 0 [Warning] 
2024-10-14T01:56:37.100489Z 0 [Warning] 
2024-10-14T01:56:37.104839Z 0 [Warning] CA certificate ca.pem is self signed.
2024-10-14T01:56:37.106559Z 0 [Note] Skipping generation of RSA key pair as key files are present in data directory.
2024-10-14T01:56:37.110222Z 0 [Note] Server hostname (bind-address): '*'; port: 3306
2024-10-14T01:56:37.112398Z 0 [Note] IPv6 is available.
2024-10-14T01:56:37.113390Z 0 [Note]   - '::' resolves to '::';
2024-10-14T01:56:37.114666Z 0 [Note] Server socket created on IP: '::'.
2024-10-14T01:56:37.117928Z 0 [Warning] Failed to open optimizer cost constant tables

2024-10-14T01:56:37.166480Z 0 [Warning] System table 'time_zone_leap_second' is expected to be transactional.
2024-10-14T01:56:37.168345Z 0 [Warning] System table 'time_zone_name' is expected to be transactional.
2024-10-14T01:56:37.170256Z 0 [Warning] System table 'time_zone' is expected to be transactional.
2024-10-14T01:56:37.172121Z 0 [Warning] System table 'time_zone_transition_type' is expected to be transactional.
2024-10-14T01:56:37.174019Z 0 [Warning] System table 'time_zone_transition' is expected to be transactional.
2024-10-14T01:56:37.182890Z 0 [Warning] System table 'servers' is expected to be transactional.
2024-10-14T01:56:37.187347Z 0 [Warning] InnoDB: Cannot open table mysql/slave_master_info from the internal data dictionary of InnoDB though the .frm file for the table exists. Please refer to http://dev.mysql.com/doc/refman/5.7/en/innodb-troubleshooting.html for how to resolve the issue.
2024-10-14T01:56:37.192827Z 0 [Warning] InnoDB: Cannot open table mysql/slave_relay_log_info from the internal data dictionary of InnoDB though the .frm file for the table exists. Please refer to http://dev.mysql.com/doc/refman/5.7/en/innodb-troubleshooting.html for how to resolve the issue.
2024-10-14T01:56:37.197935Z 0 [Warning] InnoDB: Cannot open table mysql/slave_master_info from the internal data dictionary of InnoDB though the .frm file for the table exists. Please refer to http://dev.mysql.com/doc/refman/5.7/en/innodb-troubleshooting.html for how to resolve the issue.
2024-10-14T01:56:37.202790Z 0 [Warning] Info table is not ready to be used. Table 'mysql.slave_master_info' cannot be opened.
2024-10-14T01:56:37.205517Z 0 [Warning] InnoDB: Cannot open table mysql/slave_worker_info from the internal data dictionary of InnoDB though the .frm file for the table exists. Please refer to http://dev.mysql.com/doc/refman/5.7/en/innodb-troubleshooting.html for how to resolve the issue.
2024-10-14T01:56:37.210742Z 0 [Warning] InnoDB: Cannot open table mysql/slave_relay_log_info from the internal data dictionary of InnoDB though the .frm file for the table exists. Please refer to http://dev.mysql.com/doc/refman/5.7/en/innodb-troubleshooting.html for how to resolve the issue.
2024-10-14T01:56:37.215580Z 0 [Warning] Info table is not ready to be used. Table 'mysql.slave_relay_log_info' cannot be opened.
2024-10-14T01:56:37.217859Z 0 [Note] Failed to start slave threads for channel ''
2024-10-14T01:56:37.220223Z 0 [ERROR] Incorrect definition of table performance_schema.events_waits_current: expected column 'NESTING_EVENT_TYPE' at position 15 to have type enum('TRANSACTION','STATEMENT','STAGE','WAIT', found type enum('STATEMENT','STAGE','WAIT').
2024-10-14T01:56:37.225082Z 0 [ERROR] Incorrect definition of table performance_schema.events_waits_history: expected column 'NESTING_EVENT_TYPE' at position 15 to have type enum('TRANSACTION','STATEMENT','STAGE','WAIT', found type enum('STATEMENT','STAGE','WAIT').
2024-10-14T01:56:37.229920Z 0 [ERROR] Incorrect definition of table performance_schema.events_waits_history_long: expected column 'NESTING_EVENT_TYPE' at position 15 to have type enum('TRANSACTION','STATEMENT','STAGE','WAIT', found type enum('STATEMENT','STAGE','WAIT').
2024-10-14T01:56:37.236495Z 0 [ERROR] Incorrect definition of table performance_schema.events_waits_summary_by_user_by_event_name: expected column 'USER' at position 0 to have type char(32), found type char(16).
2024-10-14T01:56:37.240276Z 0 [ERROR] Incorrect definition of table performance_schema.events_waits_summary_by_account_by_event_name: expected column 'USER' at position 0 to have type char(32), found type char(16).
2024-10-14T01:56:37.246944Z 0 [ERROR] 
2024-10-14T01:56:37.248987Z 0 [ERROR] Incorrect definition of table performance_schema.setup_objects: expected column 'OBJECT_TYPE' at position 0 to have type enum('EVENT','FUNCTION','PROCEDURE','TABLE','TRIGGER', found type enum('TABLE').
2024-10-14T01:56:37.253292Z 0 [ERROR] 
2024-10-14T01:56:37.253975Z 0 [ERROR] 
2024-10-14T01:56:37.254651Z 0 [ERROR] 
2024-10-14T01:56:37.255326Z 0 [ERROR] 
2024-10-14T01:56:37.256073Z 0 [ERROR] 
2024-10-14T01:56:37.257455Z 0 [ERROR] Incorrect definition of table performance_schema.events_stages_summary_by_account_by_event_name: expected column 'USER' at position 0 to have type char(32), found type char(16).
2024-10-14T01:56:37.259603Z 0 [ERROR] Incorrect definition of table performance_schema.events_stages_summary_by_user_by_event_name: expected column 'USER' at position 0 to have type char(32), found type char(16).
2024-10-14T01:56:37.262274Z 0 [ERROR] 
2024-10-14T01:56:37.262915Z 0 [ERROR] 
2024-10-14T01:56:37.263528Z 0 [ERROR] 
2024-10-14T01:56:37.264477Z 0 [ERROR] Incorrect definition of table performance_schema.events_statements_summary_by_account_by_event_name: expected column 'USER' at position 0 to have type char(32), found type char(16).
2024-10-14T01:56:37.266615Z 0 [ERROR] Incorrect definition of table performance_schema.events_statements_summary_by_user_by_event_name: expected column 'USER' at position 0 to have type char(32), found type char(16).
2024-10-14T01:56:37.269026Z 0 [ERROR] 
2024-10-14T01:56:37.269456Z 0 [ERROR] 
2024-10-14T01:56:37.269866Z 0 [ERROR] 
2024-10-14T01:56:37.270272Z 0 [ERROR] 
2024-10-14T01:56:37.270693Z 0 [ERROR] 
2024-10-14T01:56:37.271101Z 0 [ERROR] 
2024-10-14T01:56:37.271510Z 0 [ERROR] 
2024-10-14T01:56:37.271933Z 0 [ERROR] 
2024-10-14T01:56:37.272340Z 0 [ERROR] 
2024-10-14T01:56:37.272855Z 0 [ERROR] Incorrect definition of table performance_schema.users: expected column 'USER' at position 0 to have type char(32), found type char(16).
2024-10-14T01:56:37.274380Z 0 [ERROR] Incorrect definition of table performance_schema.accounts: expected column 'USER' at position 0 to have type char(32), found type char(16).
2024-10-14T01:56:37.276930Z 0 [ERROR] 
2024-10-14T01:56:37.277322Z 0 [ERROR] 
2024-10-14T01:56:37.277694Z 0 [ERROR] 
2024-10-14T01:56:37.278068Z 0 [ERROR] 
2024-10-14T01:56:37.278457Z 0 [ERROR] 
2024-10-14T01:56:37.278833Z 0 [ERROR] 
2024-10-14T01:56:37.279202Z 0 [ERROR] 
2024-10-14T01:56:37.279575Z 0 [ERROR] 
2024-10-14T01:56:37.279944Z 0 [ERROR] 
2024-10-14T01:56:37.280314Z 0 [ERROR] 
2024-10-14T01:56:37.280685Z 0 [ERROR] 
2024-10-14T01:56:37.281056Z 0 [ERROR] 
2024-10-14T01:56:37.281430Z 0 [ERROR] 
2024-10-14T01:56:37.281797Z 0 [ERROR] 
2024-10-14T01:56:37.282165Z 0 [ERROR] 
2024-10-14T01:56:37.282534Z 0 [ERROR] 
2024-10-14T01:56:37.282903Z 0 [ERROR] 
2024-10-14T01:56:37.283272Z 0 [ERROR] 
2024-10-14T01:56:37.283638Z 0 [ERROR] 
2024-10-14T01:56:37.284005Z 0 [ERROR] 
2024-10-14T01:56:37.284384Z 0 [ERROR] 
2024-10-14T01:56:37.284765Z 0 [ERROR] 
2024-10-14T01:56:37.285134Z 0 [ERROR] 
2024-10-14T01:56:37.285510Z 0 [ERROR] 
2024-10-14T01:56:37.285877Z 0 [ERROR] 
2024-10-14T01:56:37.286247Z 0 [ERROR] 
2024-10-14T01:56:37.286691Z 0 [ERROR] Incorrect definition of table mysql.db: expected column 'User' at position 2 to have type char(32), found type char(16).
2024-10-14T01:56:37.287814Z 0 [ERROR] mysql.user has no `Event_priv` column at position 28
2024-10-14T01:56:37.289029Z 0 [ERROR] Event Scheduler: An error occurred when initializing system tables. Disabling the Event Scheduler.
2024-10-14T01:56:37.290152Z 0 [Note] 
2024-10-14T01:57:40.654490Z 2 [ERROR] InnoDB: Table `mysql`.`innodb_table_stats` not found.
2024-10-14T01:57:40.656968Z 2 [ERROR] InnoDB: Fetch of persistent statistics requested for table `synchroclub`.`users` but the required system tables mysql.innodb_table_stats and mysql.innodb_index_stats are not present or have unexpected structure. Using transient stats instead.
2024-10-14T01:57:41.488257Z 2 [ERROR] InnoDB: Table `mysql`.`innodb_table_stats` not found.
2024-10-14T01:57:41.490756Z 2 [ERROR] InnoDB: Fetch of persistent statistics requested for table `synchroclub`.`classes` but the required system tables mysql.innodb_table_stats and mysql.innodb_index_stats are not present or have unexpected structure. Using transient stats instead.
2024-10-14T05:25:27.292954Z 0 [Warning] TIMESTAMP with implicit DEFAULT value is deprecated. Please use --explicit_defaults_for_timestamp server option (see documentation for more details).
2024-10-14T05:25:27.293075Z 0 [Note] --secure-file-priv is set to NULL. Operations related to importing and exporting data are disabled
2024-10-14T05:25:27.314144Z 0 [ERROR] Cannot open Windows EventLog; check privileges, or start server with --log_syslog=0
2024-10-14T05:25:27.314189Z 0 [Note] C:\Users\iliat\Downloads\usbwebserver/mysql/bin/mysqld_usbwv8.exe (mysqld 5.7.36) starting as process 16940 ...
2024-10-14T05:25:27.315382Z 0 [ERROR] Error message file 'C:\Users\iliat\Downloads\usbwebserver\mysql\share\english\errmsg.sys' had only 886 error messages,
                    but it should contain at least 1123 error messages.
                    Check that the above file is the right version for                     this program!
2024-10-14T05:25:27.354371Z 0 [Note] InnoDB: Mutexes and rw_locks use Windows interlocked functions
2024-10-14T05:25:27.355648Z 0 [Note] InnoDB: Uses event mutexes
2024-10-14T05:25:27.356431Z 0 [Note] InnoDB: Memory barrier is not used
2024-10-14T05:25:27.357260Z 0 [Note] InnoDB: Compressed tables use zlib 1.2.11
2024-10-14T05:25:27.358670Z 0 [Note] InnoDB: Number of pools: 1
2024-10-14T05:25:27.359631Z 0 [Note] InnoDB: Not using CPU crc32 instructions
2024-10-14T05:25:27.365686Z 0 [Note] InnoDB: Initializing buffer pool, total size = 128M, instances = 1, chunk size = 128M
2024-10-14T05:25:27.381169Z 0 [Note] InnoDB: Completed initialization of buffer pool
2024-10-14T05:25:27.427762Z 0 [Note] InnoDB: Highest supported file format is Barracuda.
2024-10-14T05:25:27.431420Z 0 [Note] InnoDB: Log scan progressed past the checkpoint lsn 1519080
2024-10-14T05:25:27.432560Z 0 [Note] InnoDB: Doing recovery: scanned up to log sequence number 1519089
2024-10-14T05:25:27.433919Z 0 [Note] InnoDB: Database was not shutdown normally!
2024-10-14T05:25:27.434949Z 0 [Note] InnoDB: Starting crash recovery.
2024-10-14T05:25:27.678890Z 0 [Note] InnoDB: Removed temporary tablespace data file: "ibtmp1"
2024-10-14T05:25:27.680131Z 0 [Note] InnoDB: Creating shared tablespace for temporary tables
2024-10-14T05:25:27.681981Z 0 [Note] InnoDB: Setting file 'C:\Users\iliat\Downloads\usbwebserver\mysql\data\ibtmp1' size to 12 MB. Physically writing the file full; Please wait ...
2024-10-14T05:25:27.730036Z 0 [Note] InnoDB: File 'C:\Users\iliat\Downloads\usbwebserver\mysql\data\ibtmp1' size is now 12 MB.
2024-10-14T05:25:27.749034Z 0 [Note] InnoDB: 96 redo rollback segment(s) found. 96 redo rollback segment(s) are active.
2024-10-14T05:25:27.750678Z 0 [Note] InnoDB: 32 non-redo rollback segment(s) are active.
2024-10-14T05:25:27.752348Z 0 [Note] InnoDB: Waiting for purge to start
2024-10-14T05:25:27.805576Z 0 [Note] InnoDB: 5.7.36 started; log sequence number 1519089
2024-10-14T05:25:27.807168Z 0 [Note] Plugin 'FEDERATED' is disabled.
2024-10-14T05:25:27.808533Z 0 [Note] InnoDB: Loading buffer pool(s) from C:\Users\iliat\Downloads\usbwebserver\mysql\data\ib_buffer_pool
2024-10-14T05:25:27.810537Z 0 [ERROR] InnoDB: Cannot open 'C:\Users\iliat\Downloads\usbwebserver\mysql\data\ib_buffer_pool' for reading: No such file or directory
2024-10-14T05:25:27.811255Z 0 [Warning] System table 'plugin' is expected to be transactional.
2024-10-14T05:25:27.815057Z 0 [Warning] Gtid table is not ready to be used. Table 'mysql.gtid_executed' cannot be opened.
2024-10-14T05:25:27.819836Z 0 [Note] Found ca.pem, server-cert.pem and server-key.pem in data directory. Trying to enable SSL support using them.
2024-10-14T05:25:27.821611Z 0 [Note] Skipping generation of SSL certificates as certificate files are present in data directory.
2024-10-14T05:25:27.823397Z 0 [Warning] 
2024-10-14T05:25:27.823901Z 0 [Warning] 
2024-10-14T05:25:27.826977Z 0 [Warning] CA certificate ca.pem is self signed.
2024-10-14T05:25:27.828223Z 0 [Note] Skipping generation of RSA key pair as key files are present in data directory.
2024-10-14T05:25:27.830270Z 0 [Note] Server hostname (bind-address): '*'; port: 3306
2024-10-14T05:25:27.831897Z 0 [Note] IPv6 is available.
2024-10-14T05:25:27.832620Z 0 [Note]   - '::' resolves to '::';
2024-10-14T05:25:27.833596Z 0 [Note] Server socket created on IP: '::'.
2024-10-14T05:25:27.835706Z 0 [Warning] Failed to open optimizer cost constant tables

2024-10-14T05:25:27.871167Z 0 [Warning] System table 'time_zone_leap_second' is expected to be transactional.
2024-10-14T05:25:27.872457Z 0 [Warning] System table 'time_zone_name' is expected to be transactional.
2024-10-14T05:25:27.875381Z 0 [Warning] System table 'time_zone' is expected to be transactional.
2024-10-14T05:25:27.876600Z 0 [Warning] System table 'time_zone_transition_type' is expected to be transactional.
2024-10-14T05:25:27.878150Z 0 [Warning] System table 'time_zone_transition' is expected to be transactional.
2024-10-14T05:25:27.901145Z 0 [Warning] System table 'servers' is expected to be transactional.
2024-10-14T05:25:27.908898Z 0 [Warning] InnoDB: Cannot open table mysql/slave_master_info from the internal data dictionary of InnoDB though the .frm file for the table exists. Please refer to http://dev.mysql.com/doc/refman/5.7/en/innodb-troubleshooting.html for how to resolve the issue.
2024-10-14T05:25:27.914027Z 0 [Warning] InnoDB: Cannot open table mysql/slave_relay_log_info from the internal data dictionary of InnoDB though the .frm file for the table exists. Please refer to http://dev.mysql.com/doc/refman/5.7/en/innodb-troubleshooting.html for how to resolve the issue.
2024-10-14T05:25:27.917656Z 0 [Warning] InnoDB: Cannot open table mysql/slave_master_info from the internal data dictionary of InnoDB though the .frm file for the table exists. Please refer to http://dev.mysql.com/doc/refman/5.7/en/innodb-troubleshooting.html for how to resolve the issue.
2024-10-14T05:25:27.920879Z 0 [Warning] Info table is not ready to be used. Table 'mysql.slave_master_info' cannot be opened.
2024-10-14T05:25:27.924542Z 0 [Warning] InnoDB: Cannot open table mysql/slave_worker_info from the internal data dictionary of InnoDB though the .frm file for the table exists. Please refer to http://dev.mysql.com/doc/refman/5.7/en/innodb-troubleshooting.html for how to resolve the issue.
2024-10-14T05:25:27.930705Z 0 [Warning] InnoDB: Cannot open table mysql/slave_relay_log_info from the internal data dictionary of InnoDB though the .frm file for the table exists. Please refer to http://dev.mysql.com/doc/refman/5.7/en/innodb-troubleshooting.html for how to resolve the issue.
2024-10-14T05:25:27.934398Z 0 [Warning] Info table is not ready to be used. Table 'mysql.slave_relay_log_info' cannot be opened.
2024-10-14T05:25:27.936229Z 0 [Note] Failed to start slave threads for channel ''
2024-10-14T05:25:27.940128Z 0 [ERROR] Incorrect definition of table performance_schema.events_waits_current: expected column 'NESTING_EVENT_TYPE' at position 15 to have type enum('TRANSACTION','STATEMENT','STAGE','WAIT', found type enum('STATEMENT','STAGE','WAIT').
2024-10-14T05:25:27.947364Z 0 [ERROR] Incorrect definition of table performance_schema.events_waits_history: expected column 'NESTING_EVENT_TYPE' at position 15 to have type enum('TRANSACTION','STATEMENT','STAGE','WAIT', found type enum('STATEMENT','STAGE','WAIT').
2024-10-14T05:25:27.950989Z 0 [ERROR] Incorrect definition of table performance_schema.events_waits_history_long: expected column 'NESTING_EVENT_TYPE' at position 15 to have type enum('TRANSACTION','STATEMENT','STAGE','WAIT', found type enum('STATEMENT','STAGE','WAIT').
2024-10-14T05:25:27.958723Z 0 [ERROR] Incorrect definition of table performance_schema.events_waits_summary_by_user_by_event_name: expected column 'USER' at position 0 to have type char(32), found type char(16).
2024-10-14T05:25:27.962354Z 0 [ERROR] Incorrect definition of table performance_schema.events_waits_summary_by_account_by_event_name: expected column 'USER' at position 0 to have type char(32), found type char(16).
2024-10-14T05:25:27.968217Z 0 [ERROR] 
2024-10-14T05:25:27.969632Z 0 [ERROR] Incorrect definition of table performance_schema.setup_objects: expected column 'OBJECT_TYPE' at position 0 to have type enum('EVENT','FUNCTION','PROCEDURE','TABLE','TRIGGER', found type enum('TABLE').
2024-10-14T05:25:27.977576Z 0 [ERROR] 
2024-10-14T05:25:27.978477Z 0 [ERROR] 
2024-10-14T05:25:27.979289Z 0 [ERROR] 
2024-10-14T05:25:27.980033Z 0 [ERROR] 
2024-10-14T05:25:27.980872Z 0 [ERROR] 
2024-10-14T05:25:27.981993Z 0 [ERROR] Incorrect definition of table performance_schema.events_stages_summary_by_account_by_event_name: expected column 'USER' at position 0 to have type char(32), found type char(16).
2024-10-14T05:25:27.984863Z 0 [ERROR] Incorrect definition of table performance_schema.events_stages_summary_by_user_by_event_name: expected column 'USER' at position 0 to have type char(32), found type char(16).
2024-10-14T05:25:27.988885Z 0 [ERROR] 
2024-10-14T05:25:27.990350Z 0 [ERROR] 
2024-10-14T05:25:27.993198Z 0 [ERROR] 
2024-10-14T05:25:27.994617Z 0 [ERROR] Incorrect definition of table performance_schema.events_statements_summary_by_account_by_event_name: expected column 'USER' at position 0 to have type char(32), found type char(16).
2024-10-14T05:25:27.997601Z 0 [ERROR] Incorrect definition of table performance_schema.events_statements_summary_by_user_by_event_name: expected column 'USER' at position 0 to have type char(32), found type char(16).
2024-10-14T05:25:28.001783Z 0 [ERROR] 
2024-10-14T05:25:28.002432Z 0 [ERROR] 
2024-10-14T05:25:28.003170Z 0 [ERROR] 
2024-10-14T05:25:28.003825Z 0 [ERROR] 
2024-10-14T05:25:28.004465Z 0 [ERROR] 
2024-10-14T05:25:28.007251Z 0 [ERROR] 
2024-10-14T05:25:28.008281Z 0 [ERROR] 
2024-10-14T05:25:28.009947Z 0 [ERROR] 
2024-10-14T05:25:28.010686Z 0 [ERROR] 
2024-10-14T05:25:28.011479Z 0 [ERROR] Incorrect definition of table performance_schema.users: expected column 'USER' at position 0 to have type char(32), found type char(16).
2024-10-14T05:25:28.014406Z 0 [ERROR] Incorrect definition of table performance_schema.accounts: expected column 'USER' at position 0 to have type char(32), found type char(16).
2024-10-14T05:25:28.020454Z 0 [ERROR] 
2024-10-14T05:25:28.021156Z 0 [ERROR] 
2024-10-14T05:25:28.021947Z 0 [ERROR] 
2024-10-14T05:25:28.022668Z 0 [ERROR] 
2024-10-14T05:25:28.023479Z 0 [ERROR] 
2024-10-14T05:25:28.024661Z 0 [ERROR] 
2024-10-14T05:25:28.025862Z 0 [ERROR] 
2024-10-14T05:25:28.026560Z 0 [ERROR] 
2024-10-14T05:25:28.027224Z 0 [ERROR] 
2024-10-14T05:25:28.027872Z 0 [ERROR] 
2024-10-14T05:25:28.028524Z 0 [ERROR] 
2024-10-14T05:25:28.029399Z 0 [ERROR] 
2024-10-14T05:25:28.030177Z 0 [ERROR] 
2024-10-14T05:25:28.030921Z 0 [ERROR] 
2024-10-14T05:25:28.031648Z 0 [ERROR] 
2024-10-14T05:25:28.032342Z 0 [ERROR] 
2024-10-14T05:25:28.033087Z 0 [ERROR] 
2024-10-14T05:25:28.033768Z 0 [ERROR] 
2024-10-14T05:25:28.034459Z 0 [ERROR] 
2024-10-14T05:25:28.035133Z 0 [ERROR] 
2024-10-14T05:25:28.035823Z 0 [ERROR] 
2024-10-14T05:25:28.036533Z 0 [ERROR] 
2024-10-14T05:25:28.037219Z 0 [ERROR] 
2024-10-14T05:25:28.037914Z 0 [ERROR] 
2024-10-14T05:25:28.038703Z 0 [ERROR] 
2024-10-14T05:25:28.039511Z 0 [ERROR] 
2024-10-14T05:25:28.040860Z 0 [ERROR] Incorrect definition of table mysql.db: expected column 'User' at position 2 to have type char(32), found type char(16).
2024-10-14T05:25:28.042978Z 0 [ERROR] mysql.user has no `Event_priv` column at position 28
2024-10-14T05:25:28.045144Z 0 [ERROR] Event Scheduler: An error occurred when initializing system tables. Disabling the Event Scheduler.
2024-10-14T05:25:28.046971Z 0 [Note] 
2024-10-14T06:13:07.053464Z 2 [ERROR] InnoDB: Table `mysql`.`innodb_table_stats` not found.
2024-10-14T06:13:07.059015Z 2 [ERROR] InnoDB: Fetch of persistent statistics requested for table `synchroclub`.`users` but the required system tables mysql.innodb_table_stats and mysql.innodb_index_stats are not present or have unexpected structure. Using transient stats instead.
2024-10-14T06:14:10.143288Z 5 [ERROR] InnoDB: Table `mysql`.`innodb_table_stats` not found.
2024-10-14T06:14:10.146570Z 5 [ERROR] InnoDB: Fetch of persistent statistics requested for table `synchroclub`.`classes` but the required system tables mysql.innodb_table_stats and mysql.innodb_index_stats are not present or have unexpected structure. Using transient stats instead.
2024-10-14T07:35:33.780357Z 0 [Note] InnoDB: page_cleaner: 1000ms intended loop took 111066ms. The settings might not be optimal. (flushed=0 and evicted=0, during the time.)
